Region,Crop Type,Rainfall (mm),Temperature (Â°C),Soil pH,Nitrogen (ppm),Sowing Date,Harvest Date,Yield (tons/ha),Soil Type
Solapur,Maize,641.5,25.9,5.7,30.6,2023-07-08,2023-11-30,2.38,Sandy
Latur,Wheat,621.3,31.7,7.3,50.2,2023-01-03,2023-06-11,4.79,Loamy
Satara,Wheat,1037.4,22.1,5.8,36.9,2023-06-03,2023-10-19,3.62,Clay
Satara,Toor,731.3,23.3,7.4,58.6,2023-07-13,2023-10-14,3.53,Clay
Satara,Bajra,1040.6,28.7,6.2,56.9,2023-12-24,2024-05-25,4.73,Sandy
Nashik,Rice,973.3,32.1,7.0,66.3,2023-06-04,2023-09-21,4.66,Clay
Amravati,Bajra,771.3,31.0,5.7,45.6,2023-12-05,2024-03-05,2.5,Sandy
Nagpur,Bajra,948.8,27.8,6.5,56.9,2023-12-16,2024-04-25,2.75,Sandy
Aurangabad,Rice,1265.6,28.4,5.7,35.0,2023-02-25,2023-07-01,3.3,Clay
Ratnagiri,Bajra,792.1,26.4,5.6,63.5,2023-06-03,2023-10-30,3.45,Loamy
Kolhapur,Jowar,812.6,25.2,7.1,51.1,2023-11-23,2024-03-19,5.33,Loamy
Aurangabad,Jowar,1088.7,22.3,6.2,41.6,2023-05-03,2023-08-09,4.09,Loamy
Nagpur,Toor,899.8,27.7,6.9,57.2,2023-01-18,2023-04-20,2.09,Loamy
Solapur,Bajra,462.7,32.6,6.7,50.4,2023-02-08,2023-06-26,3.99,Loamy
Aurangabad,Bajra,674.3,20.9,6.6,51.5,2023-12-09,2024-04-24,3.6,Sandy
Aurangabad,Rice,1086.7,31.8,5.9,34.9,2023-06-04,2023-10-29,5.11,Laterite
Pune,Jowar,969.9,30.3,6.4,65.6,2023-08-08,2023-12-12,4.9,Loamy
Amravati,Maize,968.3,31.1,6.0,40.0,2023-05-15,2023-09-28,2.66,Loamy
Latur,Jowar,504.5,26.5,6.1,32.9,2023-05-06,2023-08-07,5.38,Loamy
Kolhapur,Maize,431.7,27.4,6.4,60.3,2023-07-06,2023-12-05,4.94,Loamy
Latur,Moong,805.9,21.4,5.6,35.1,2023-05-07,2023-10-12,4.56,Sandy
Ratnagiri,Jowar,621.7,20.6,6.5,34.4,2023-01-08,2023-05-24,4.17,Sandy
Ratnagiri,Moong,1038.1,27.4,6.2,48.9,2023-12-16,2024-05-11,4.68,Sandy
Pune,Maize,481.2,30.9,7.5,61.1,2023-09-11,2024-01-13,3.46,Sandy
Latur,Wheat,523.9,30.0,5.6,60.9,2023-02-08,2023-06-20,2.76,Clay
Aurangabad,Rice,818.5,32.4,6.2,61.8,2023-04-10,2023-07-29,3.99,Clay
Latur,Bajra,780.1,23.9,6.8,36.4,2023-04-12,2023-08-27,3.77,Loamy
Ratnagiri,Jowar,679.3,33.7,6.0,49.5,2023-08-04,2024-01-04,2.19,Loamy
Aurangabad,Bajra,705.5,22.2,6.8,54.6,2023-12-07,2024-03-18,3.42,Sandy
Solapur,Toor,751.3,29.7,6.2,47.0,2023-02-09,2023-07-08,5.39,Loamy
Kolhapur,Bajra,469.1,33.2,7.0,32.3,2023-04-06,2023-08-14,3.07,Loamy
Pune,Jowar,877.4,33.6,7.2,34.7,2023-02-07,2023-06-09,2.52,Sandy
Nagpur,Rice,1050.1,21.2,6.6,69.6,2023-10-05,2024-01-18,2.94,Clay
Nagpur,Moong,800.9,34.3,5.8,55.4,2023-10-08,2024-03-01,5.3,Sandy
Nashik,Toor,968.4,32.9,6.1,39.4,2023-02-06,2023-06-11,3.64,Clay
Nagpur,Rice,1236.0,23.8,5.6,39.2,2023-08-11,2024-01-08,2.32,Laterite
Nagpur,Maize,922.6,23.2,7.2,36.2,2023-08-05,2024-01-03,4.49,Loamy
Satara,Bajra,732.7,26.1,6.6,31.7,2023-12-23,2024-04-05,2.86,Sandy
Nashik,Maize,804.0,27.4,6.7,51.0,2023-06-07,2023-10-19,3.92,Loamy
Pune,Wheat,709.5,22.4,6.9,53.8,2023-08-02,2023-12-15,3.18,Clay
Nagpur,Jowar,1006.0,27.5,7.2,35.1,2023-09-03,2024-01-08,2.76,Sandy
Kolhapur,Maize,1091.8,32.3,7.3,43.7,2023-02-04,2023-07-13,3.57,Loamy
Amravati,Rice,868.3,31.5,5.7,60.1,2023-07-04,2023-10-14,4.2,Laterite
Nagpur,Maize,897.3,23.4,5.8,63.4,2023-01-08,2023-06-06,4.56,Sandy
Ratnagiri,Wheat,988.3,30.8,6.4,33.0,2023-05-16,2023-08-31,4.17,Loamy
Pune,Rice,1317.7,32.7,6.9,56.5,2023-05-24,2023-10-10,4.42,Laterite
Solapur,Wheat,959.2,34.0,5.8,41.7,2023-07-19,2023-11-17,3.26,Clay
Nashik,Toor,916.5,20.3,6.5,67.6,2023-03-26,2023-07-26,3.14,Loamy
Latur,Toor,551.2,28.1,5.6,36.3,2023-10-06,2024-03-03,4.23,Loamy
Aurangabad,Jowar,713.7,31.7,5.8,34.3,2023-01-10,2023-06-03,2.24,Sandy
Satara,Wheat,597.9,29.1,7.4,55.1,2023-10-25,2024-03-23,3.43,Clay
Amravati,Bajra,500.8,29.8,5.6,64.8,2023-07-25,2023-12-03,3.77,Sandy
Kolhapur,Maize,612.8,29.5,6.3,36.6,2023-05-06,2023-08-28,2.95,Sandy
Latur,Toor,1048.6,29.9,7.0,50.2,2023-06-01,2023-09-19,4.11,Loamy
Aurangabad,Toor,683.7,29.7,7.0,31.2,2023-06-05,2023-10-21,2.81,Clay
Latur,Rice,922.4,21.8,7.2,51.4,2023-11-27,2024-02-26,4.58,Clay
Satara,Jowar,874.3,30.4,5.5,36.3,2023-02-12,2023-05-19,3.01,Loamy
Kolhapur,Wheat,876.7,31.8,5.5,49.4,2023-05-02,2023-08-24,3.72,Loamy
Aurangabad,Bajra,758.2,32.3,6.5,63.1,2023-07-26,2023-12-09,3.77,Loamy
Aurangabad,Jowar,466.0,23.7,6.1,35.1,2023-04-04,2023-08-03,2.42,Sandy
Amravati,Rice,1125.6,25.5,5.8,50.7,2023-06-22,2023-10-12,5.21,Clay
Latur,Wheat,462.1,25.0,5.8,41.0,2023-02-06,2023-05-29,2.3,Loamy
Latur,Maize,550.5,27.3,6.5,45.3,2023-11-20,2024-04-01,4.73,Sandy
Latur,Maize,913.4,30.2,6.4,43.9,2023-10-21,2024-03-14,4.7,Loamy
Amravati,Wheat,569.1,26.9,7.4,41.7,2023-02-06,2023-05-12,2.18,Clay
Solapur,Rice,1021.2,29.1,5.8,63.3,2023-01-06,2023-05-20,2.33,Clay
Aurangabad,Toor,920.1,29.7,6.9,43.7,2023-04-24,2023-08-13,2.38,Loamy
Nashik,Jowar,744.4,23.7,7.1,30.7,2023-03-08,2023-06-14,2.86,Loamy
Nagpur,Wheat,644.6,30.8,7.2,42.2,2023-06-01,2023-10-28,3.14,Clay
Nagpur,Moong,669.2,30.4,6.6,48.2,2023-07-26,2023-12-29,3.53,Sandy
Nashik,Moong,1068.6,26.8,7.4,62.8,2023-04-04,2023-08-23,3.63,Loamy
Aurangabad,Rice,1264.5,20.8,6.8,30.4,2023-12-08,2024-03-10,4.71,Clay
Aurangabad,Rice,665.9,32.3,6.2,54.0,2023-04-14,2023-09-04,4.93,Laterite
Ratnagiri,Rice,1036.5,24.1,5.5,32.1,2023-11-02,2024-02-18,4.9,Laterite
Kolhapur,Moong,1014.0,23.4,6.1,55.2,2023-08-20,2023-12-02,2.59,Sandy
Nagpur,Maize,1073.8,27.4,5.5,51.6,2023-07-14,2023-12-08,4.01,Sandy
Aurangabad,Toor,1077.3,27.7,7.4,65.6,2023-12-27,2024-05-28,3.88,Clay
Nagpur,Jowar,512.5,25.6,6.5,65.2,2023-09-28,2023-12-27,2.57,Loamy
Aurangabad,Moong,982.5,23.9,7.2,32.9,2023-11-03,2024-04-05,4.98,Sandy
Aurangabad,Wheat,805.3,20.1,6.4,52.4,2023-06-23,2023-10-10,3.62,Loamy
Nashik,Bajra,1087.0,28.5,6.3,65.5,2023-09-14,2024-01-28,3.9,Sandy
Kolhapur,Toor,629.8,30.1,5.9,36.9,2023-05-19,2023-09-18,4.13,Clay
Kolhapur,Maize,870.9,20.8,6.8,34.7,2023-01-18,2023-05-23,5.16,Sandy
Kolhapur,Rice,1149.0,34.7,5.9,67.7,2023-08-05,2024-01-06,4.02,Clay
Pune,Maize,1029.3,33.6,6.9,46.9,2023-12-06,2024-04-16,3.64,Loamy
Amravati,Bajra,1010.6,30.4,6.7,62.7,2023-01-24,2023-05-28,3.02,Sandy
Latur,Bajra,599.4,34.0,6.5,55.1,2023-08-03,2023-12-08,4.34,Loamy
Kolhapur,Maize,989.8,33.4,6.1,56.8,2023-09-02,2023-12-16,4.35,Loamy
Kolhapur,Moong,438.2,23.8,6.1,39.6,2023-07-21,2023-12-12,3.17,Loamy
Nagpur,Wheat,462.0,24.4,6.6,57.7,2023-05-01,2023-08-02,3.44,Loamy
Satara,Rice,1341.3,21.0,7.5,52.2,2023-12-06,2024-04-24,4.09,Laterite
Nashik,Rice,652.2,26.7,6.4,45.3,2023-09-18,2024-01-04,5.47,Clay
Pune,Toor,949.7,20.8,6.4,61.8,2023-03-26,2023-07-10,5.45,Clay
Nashik,Maize,565.4,33.0,7.1,54.9,2023-07-17,2023-11-19,3.63,Loamy
Latur,Maize,455.8,24.3,6.9,56.2,2023-11-22,2024-04-30,5.21,Loamy
Solapur,Toor,435.8,25.3,7.0,42.9,2023-03-24,2023-07-27,3.98,Clay
Aurangabad,Moong,462.8,21.8,6.1,58.6,2023-12-10,2024-05-06,2.02,Loamy
Nashik,Toor,701.2,24.3,5.7,41.0,2023-01-15,2023-06-09,2.45,Loamy
Nashik,Jowar,966.6,23.5,6.3,68.2,2023-10-28,2024-02-04,2.26,Loamy
Solapur,Moong,923.7,29.8,7.2,41.8,2023-04-16,2023-09-08,4.47,Loamy
Solapur,Jowar,458.8,30.0,7.3,36.9,2023-03-02,2023-06-25,4.73,Sandy
Satara,Toor,842.2,33.8,5.5,42.5,2023-01-08,2023-05-22,2.83,Clay
Nashik,Rice,1103.9,32.0,7.3,39.2,2023-12-25,2024-03-27,3.39,Clay
Solapur,Wheat,438.2,31.2,6.5,38.8,2023-08-05,2023-12-28,3.59,Clay
Solapur,Bajra,802.4,30.2,7.3,39.9,2023-06-02,2023-10-19,5.33,Loamy
Ratnagiri,Jowar,1012.8,23.8,7.0,44.4,2023-05-07,2023-10-13,2.25,Loamy
Amravati,Toor,716.7,21.1,6.8,67.2,2023-09-03,2023-12-14,2.97,Loamy
Ratnagiri,Jowar,1031.8,24.5,7.2,35.0,2023-06-08,2023-10-08,5.03,Sandy
Pune,Maize,653.5,25.3,6.9,52.4,2023-09-02,2023-12-04,4.39,Loamy
Nashik,Maize,612.0,24.8,6.8,41.6,2023-12-16,2024-04-22,3.57,Loamy
Pune,Maize,402.2,23.2,5.8,44.3,2023-03-23,2023-08-23,3.69,Loamy
Pune,Jowar,796.6,27.6,6.9,57.2,2023-07-01,2023-11-22,2.98,Loamy
Ratnagiri,Toor,838.5,21.1,6.1,56.1,2023-07-02,2023-11-24,3.68,Clay
Satara,Toor,833.1,35.0,6.8,69.5,2023-05-26,2023-09-13,5.28,Loamy
Ratnagiri,Wheat,425.5,31.4,6.3,34.1,2023-04-09,2023-09-09,4.7,Clay
Solapur,Bajra,633.7,26.3,5.7,63.7,2023-06-12,2023-09-13,3.33,Loamy
Latur,Maize,1037.4,20.5,5.6,47.5,2023-07-11,2023-12-11,2.55,Sandy
Ratnagiri,Wheat,874.9,29.1,5.9,33.1,2023-08-20,2024-01-01,5.43,Clay
Latur,Wheat,673.2,21.6,6.4,69.4,2023-11-19,2024-03-14,5.43,Clay
Pune,Bajra,462.6,33.5,5.6,65.2,2023-05-26,2023-10-14,5.16,Sandy
Solapur,Wheat,877.6,21.1,5.8,50.2,2023-02-13,2023-06-24,5.31,Loamy
Amravati,Bajra,635.4,23.2,5.9,49.5,2023-05-15,2023-10-20,2.63,Loamy
Satara,Rice,703.1,22.4,7.2,35.9,2023-09-03,2024-02-01,2.77,Laterite
Pune,Moong,879.8,29.1,7.5,57.1,2023-11-14,2024-02-24,4.64,Loamy
Solapur,Rice,1014.5,24.3,7.4,45.4,2023-11-21,2024-03-02,3.25,Laterite
Aurangabad,Toor,730.7,32.4,6.4,47.1,2023-10-11,2024-02-09,4.62,Clay
Ratnagiri,Rice,911.2,25.6,7.2,64.6,2023-11-10,2024-03-29,4.73,Clay
Latur,Toor,451.2,24.5,6.3,57.9,2023-06-24,2023-10-24,2.17,Clay
Latur,Moong,784.0,21.6,7.5,51.0,2023-07-09,2023-11-26,3.62,Loamy
Nagpur,Bajra,969.2,21.5,7.1,54.6,2023-05-14,2023-09-21,3.88,Sandy
Kolhapur,Toor,764.0,34.1,6.3,44.4,2023-03-22,2023-08-04,4.84,Clay
Nashik,Wheat,474.1,30.2,6.6,53.8,2023-06-11,2023-10-08,2.2,Clay
Aurangabad,Wheat,496.2,33.9,6.9,66.5,2023-01-06,2023-04-23,2.42,Clay
Nagpur,Maize,810.2,21.0,7.2,61.4,2023-01-23,2023-06-11,5.15,Sandy
Kolhapur,Jowar,546.5,22.0,5.5,36.7,2023-07-13,2023-10-31,2.58,Loamy
Satara,Bajra,556.9,23.6,5.6,55.7,2023-01-27,2023-06-15,4.54,Sandy
Pune,Rice,654.6,23.2,6.9,31.9,2023-01-13,2023-05-18,4.79,Laterite
Ratnagiri,Toor,558.7,21.5,5.7,56.5,2023-12-18,2024-04-23,2.18,Clay
Amravati,Rice,1074.7,28.7,6.9,51.3,2023-09-23,2024-01-16,4.59,Clay
Nashik,Rice,725.0,22.3,6.7,44.3,2023-05-09,2023-10-14,2.39,Laterite
Latur,Wheat,929.2,24.7,6.3,60.5,2023-03-26,2023-07-20,3.06,Loamy
Amravati,Maize,536.8,22.5,6.8,43.9,2023-04-07,2023-08-06,4.43,Loamy
Nagpur,Rice,1214.2,20.2,6.0,40.0,2023-10-09,2024-01-29,5.43,Laterite
Aurangabad,Rice,813.7,30.4,7.3,68.4,2023-06-12,2023-10-14,2.81,Laterite
Latur,Maize,795.4,21.6,5.8,61.6,2023-08-20,2024-01-13,4.02,Sandy
Satara,Bajra,405.7,26.7,7.1,31.1,2023-09-19,2024-01-02,2.61,Loamy
Pune,Toor,774.1,32.0,5.8,30.3,2023-11-08,2024-03-31,4.84,Clay
Nagpur,Toor,457.6,22.2,6.4,54.7,2023-03-23,2023-08-16,4.3,Clay
Amravati,Moong,785.0,34.6,6.6,68.9,2023-03-11,2023-06-13,3.78,Loamy
Satara,Bajra,790.1,22.5,6.2,33.5,2023-03-08,2023-07-15,5.26,Sandy
Pune,Jowar,555.9,22.8,6.5,42.6,2023-08-26,2023-11-28,2.31,Sandy
Ratnagiri,Wheat,528.9,20.4,6.5,36.4,2023-05-20,2023-09-07,5.19,Loamy
Aurangabad,Moong,503.1,33.1,7.4,61.9,2023-07-28,2023-12-14,3.42,Loamy
Ratnagiri,Wheat,407.3,29.9,6.1,69.8,2023-06-01,2023-09-25,5.26,Clay
Amravati,Toor,1034.1,34.5,6.1,44.0,2023-05-06,2023-09-23,2.26,Clay
Latur,Bajra,795.6,29.9,6.3,57.8,2023-11-17,2024-02-27,3.94,Loamy
Kolhapur,Rice,632.3,26.9,7.4,62.6,2023-06-10,2023-10-06,4.7,Clay
Nagpur,Jowar,968.9,26.9,6.7,38.0,2023-09-11,2024-02-10,4.35,Loamy
Kolhapur,Moong,988.3,30.8,6.3,35.8,2023-11-11,2024-04-08,4.44,Loamy
Nagpur,Rice,710.2,31.7,7.0,64.2,2023-06-25,2023-10-15,4.67,Laterite
Solapur,Jowar,702.6,22.0,7.3,45.5,2023-05-26,2023-09-27,4.31,Sandy
Solapur,Bajra,755.0,35.0,6.0,48.5,2023-10-02,2024-01-16,5.12,Sandy
Solapur,Maize,758.7,26.3,6.9,61.9,2023-08-16,2023-11-26,4.91,Loamy
Nagpur,Toor,525.3,31.1,6.1,43.4,2023-06-26,2023-11-13,3.3,Clay
Amravati,Moong,733.2,26.7,6.9,58.1,2023-10-01,2024-03-08,4.86,Loamy
Nagpur,Bajra,1099.7,21.7,5.6,31.2,2023-12-09,2024-03-28,3.51,Loamy
Latur,Maize,591.6,26.1,7.2,67.3,2023-12-26,2024-04-13,3.96,Loamy
Ratnagiri,Moong,426.8,22.8,7.2,58.2,2023-11-22,2024-04-22,4.77,Loamy
Satara,Wheat,438.4,28.7,6.5,36.9,2023-08-27,2024-01-04,5.29,Clay
Ratnagiri,Rice,742.6,31.3,6.4,56.0,2023-12-18,2024-03-19,2.85,Laterite
Latur,Wheat,410.9,30.6,7.3,40.6,2023-08-14,2023-11-27,5.46,Loamy
Ratnagiri,Jowar,459.5,20.5,7.2,40.9,2023-01-08,2023-06-06,3.12,Loamy
Satara,Jowar,628.5,29.8,5.9,40.3,2023-06-23,2023-10-19,2.13,Sandy
Nagpur,Maize,1014.9,25.6,5.6,54.7,2023-11-05,2024-03-04,4.85,Loamy
Latur,Bajra,652.6,33.6,5.7,30.5,2023-07-19,2023-12-03,3.81,Loamy
Satara,Wheat,404.6,23.8,7.1,39.0,2023-10-23,2024-02-07,2.34,Clay
Aurangabad,Bajra,890.1,24.7,6.0,47.2,2023-04-17,2023-08-07,4.0,Loamy
Amravati,Moong,1018.9,33.6,6.3,36.4,2023-11-11,2024-04-12,4.65,Loamy
Nagpur,Bajra,748.1,33.3,5.8,68.6,2023-05-08,2023-09-05,4.64,Loamy
Amravati,Jowar,977.4,32.9,6.3,31.7,2023-04-27,2023-08-02,4.41,Loamy
Ratnagiri,Moong,902.0,31.1,7.1,34.5,2023-03-04,2023-07-30,3.02,Sandy
Solapur,Maize,755.7,27.0,6.4,69.5,2023-06-06,2023-10-12,5.46,Sandy
Pune,Wheat,580.0,26.6,7.5,53.4,2023-08-28,2023-12-18,4.24,Loamy
Amravati,Bajra,414.9,23.5,5.5,52.9,2023-11-27,2024-05-04,2.4,Sandy
Ratnagiri,Wheat,758.3,31.6,7.3,43.5,2023-06-04,2023-09-14,2.97,Loamy
Ratnagiri,Toor,665.2,24.6,5.8,51.1,2023-12-22,2024-03-26,3.73,Clay
Pune,Toor,606.9,21.7,5.8,38.8,2023-01-04,2023-05-17,4.07,Loamy
Kolhapur,Rice,1277.7,27.8,5.9,66.6,2023-12-20,2024-03-29,2.51,Clay
Amravati,Moong,418.3,34.6,5.7,35.4,2023-07-13,2023-10-19,3.0,Loamy
Ratnagiri,Toor,1087.9,33.5,7.0,60.9,2023-04-28,2023-09-05,2.38,Loamy
Pune,Bajra,1041.2,30.5,5.8,60.7,2023-07-07,2023-12-07,3.67,Sandy
Amravati,Rice,1023.3,30.9,5.5,38.0,2023-01-23,2023-06-10,2.75,Laterite
Aurangabad,Bajra,858.8,30.6,7.4,35.9,2023-07-17,2023-10-21,4.6,Sandy
Pune,Toor,626.5,25.6,6.2,56.8,2023-07-10,2023-11-01,4.6,Loamy
Ratnagiri,Moong,931.5,22.4,7.3,35.3,2023-11-05,2024-03-12,2.31,Loamy
Latur,Jowar,554.0,32.3,7.5,34.1,2023-07-09,2023-11-20,3.23,Loamy
Satara,Moong,675.7,33.3,6.9,68.3,2023-08-13,2024-01-20,2.31,Sandy
Amravati,Bajra,714.4,32.6,6.2,54.0,2023-01-03,2023-05-14,5.05,Loamy
Nashik,Moong,453.4,33.4,5.6,57.0,2023-08-27,2023-12-23,3.56,Sandy
Aurangabad,Maize,433.4,28.3,6.9,41.0,2023-06-11,2023-10-03,2.81,Loamy
Pune,Jowar,1014.9,31.9,6.3,60.0,2023-07-20,2023-10-23,3.93,Sandy
Kolhapur,Toor,910.4,28.1,5.9,61.3,2023-11-04,2024-02-18,2.26,Loamy
Solapur,Rice,742.9,29.7,5.8,49.2,2023-04-09,2023-07-13,4.11,Clay
Aurangabad,Bajra,1062.5,33.2,6.1,37.0,2023-04-05,2023-07-15,4.54,Sandy
Nagpur,Wheat,1037.6,23.2,5.9,33.6,2023-11-22,2024-03-04,3.21,Loamy
Solapur,Moong,415.1,21.2,7.5,31.2,2023-11-06,2024-03-31,3.51,Sandy
Nagpur,Toor,631.8,28.8,6.1,46.6,2023-02-04,2023-06-19,2.09,Clay
Nagpur,Rice,681.7,28.5,7.0,62.2,2023-10-04,2024-01-16,3.7,Clay
Nagpur,Maize,489.5,27.1,6.4,56.8,2023-02-21,2023-07-09,3.77,Loamy
Aurangabad,Rice,1384.9,31.1,5.7,51.7,2023-09-01,2024-01-01,4.71,Laterite
Nagpur,Rice,1379.5,20.8,7.4,41.2,2023-11-01,2024-03-27,3.49,Laterite
Amravati,Moong,651.9,22.8,5.6,40.2,2023-01-21,2023-05-09,3.85,Loamy
Ratnagiri,Wheat,581.0,28.1,5.7,61.8,2023-04-05,2023-08-13,2.46,Loamy
Aurangabad,Bajra,505.9,30.2,7.1,65.9,2023-03-22,2023-07-22,4.63,Sandy
Satara,Jowar,687.3,31.7,7.4,52.2,2023-10-13,2024-03-14,2.8,Sandy
Pune,Moong,557.3,20.3,6.1,35.8,2023-06-01,2023-11-08,5.1,Sandy
Aurangabad,Bajra,689.7,34.8,7.3,45.9,2023-09-01,2024-01-01,5.48,Loamy
Latur,Wheat,916.9,26.1,6.9,47.8,2023-04-25,2023-08-18,3.25,Clay
Solapur,Moong,790.8,26.5,6.4,54.0,2023-06-16,2023-09-18,3.76,Sandy
Pune,Toor,1034.8,25.7,6.9,50.6,2023-04-25,2023-09-14,2.3,Clay
Latur,Bajra,884.6,25.2,5.7,31.8,2023-01-20,2023-05-06,5.28,Sandy
Latur,Toor,863.7,22.0,7.3,34.6,2023-05-28,2023-09-16,3.79,Loamy
Solapur,Rice,1022.3,26.4,6.5,62.9,2023-03-06,2023-07-20,3.9,Clay
Amravati,Moong,613.7,29.7,7.5,50.8,2023-12-02,2024-03-27,3.21,Sandy
Nagpur,Rice,761.2,26.2,7.4,36.3,2023-02-22,2023-07-22,3.06,Clay
Nashik,Maize,657.6,33.8,5.6,34.5,2023-08-25,2024-01-22,4.12,Sandy
Ratnagiri,Jowar,674.3,31.2,5.8,46.6,2023-10-02,2024-01-09,4.42,Loamy
Solapur,Bajra,884.2,30.2,5.6,61.6,2023-07-15,2023-11-15,3.95,Sandy
Amravati,Wheat,490.4,23.3,6.4,55.3,2023-05-13,2023-10-12,2.81,Clay
Pune,Jowar,703.5,20.2,5.8,42.9,2023-04-17,2023-08-24,2.14,Loamy
Nagpur,Wheat,839.1,23.7,6.6,64.3,2023-08-21,2024-01-07,3.54,Clay
Amravati,Wheat,845.1,27.3,6.0,41.1,2023-12-19,2024-05-03,3.03,Loamy
Kolhapur,Jowar,661.0,25.0,7.4,58.8,2023-05-16,2023-09-30,2.3,Loamy
Ratnagiri,Bajra,1062.5,23.9,6.5,39.5,2023-11-27,2024-03-18,3.66,Loamy
Amravati,Bajra,625.6,24.0,6.8,33.1,2023-10-10,2024-02-12,3.6,Loamy
Pune,Moong,1040.9,27.9,7.1,39.5,2023-10-28,2024-03-08,4.03,Loamy
Kolhapur,Toor,818.6,31.8,5.7,62.9,2023-11-01,2024-02-26,2.68,Loamy
Latur,Maize,610.0,23.9,7.0,53.2,2023-12-12,2024-04-18,4.64,Sandy
Amravati,Wheat,1069.9,21.4,7.0,53.7,2023-10-27,2024-02-07,4.28,Loamy
Ratnagiri,Rice,1224.0,31.2,6.3,63.9,2023-06-17,2023-10-31,4.27,Clay
Latur,Maize,474.3,28.2,6.5,33.0,2023-06-06,2023-11-09,3.4,Loamy
Ratnagiri,Jowar,1095.8,29.3,6.2,57.3,2023-07-02,2023-10-07,4.51,Sandy
Amravati,Moong,901.6,23.3,5.7,68.8,2023-02-23,2023-06-10,5.35,Sandy
Solapur,Bajra,776.2,24.5,6.3,37.5,2023-09-16,2023-12-20,2.3,Loamy
Nashik,Moong,423.0,26.5,6.7,66.2,2023-09-23,2024-02-08,4.43,Loamy
Kolhapur,Wheat,733.8,33.2,7.4,33.6,2023-05-26,2023-09-22,4.71,Loamy
Nagpur,Jowar,628.1,29.9,6.3,65.7,2023-10-08,2024-02-28,2.21,Sandy
Kolhapur,Wheat,581.1,24.4,7.5,69.9,2023-11-08,2024-04-12,4.44,Clay
Ratnagiri,Toor,607.2,29.5,6.8,37.6,2023-03-17,2023-08-24,5.05,Clay
Amravati,Wheat,406.8,28.6,5.6,34.3,2023-02-05,2023-06-03,2.05,Loamy
Nashik,Toor,580.4,33.1,7.4,66.4,2023-08-18,2023-11-16,3.37,Clay
Pune,Bajra,902.7,20.3,7.1,38.2,2023-08-19,2023-12-25,5.45,Sandy
Satara,Maize,998.6,28.2,6.2,65.0,2023-06-26,2023-10-26,3.97,Sandy
Aurangabad,Jowar,704.4,31.9,5.8,36.5,2023-03-28,2023-07-05,4.47,Loamy
Nashik,Maize,855.3,25.9,6.0,34.4,2023-05-21,2023-09-03,5.31,Sandy
Kolhapur,Maize,790.6,34.0,6.3,50.3,2023-12-14,2024-05-10,4.88,Loamy
Solapur,Jowar,705.1,24.8,7.0,62.7,2023-12-09,2024-04-27,4.11,Loamy
Latur,Rice,1347.2,23.1,6.3,66.6,2023-03-08,2023-07-16,2.54,Clay
Solapur,Bajra,844.7,26.7,6.8,46.3,2023-01-21,2023-04-22,4.64,Sandy
Latur,Jowar,500.9,31.5,6.9,44.2,2023-08-24,2023-12-30,3.35,Sandy
Latur,Toor,890.0,22.4,7.1,56.2,2023-01-07,2023-05-01,4.46,Loamy
Aurangabad,Maize,1062.5,33.7,6.9,40.5,2023-04-01,2023-08-28,4.95,Sandy
Ratnagiri,Wheat,462.1,25.8,6.2,38.1,2023-07-12,2023-10-25,4.41,Clay
Satara,Toor,545.7,31.6,6.0,67.1,2023-04-19,2023-08-29,5.02,Loamy
Pune,Toor,1091.1,24.3,6.5,32.3,2023-10-14,2024-03-14,3.77,Clay
Ratnagiri,Bajra,902.3,27.2,5.5,52.5,2023-07-08,2023-11-15,5.03,Sandy
Kolhapur,Maize,450.6,24.2,6.7,57.8,2023-05-26,2023-09-07,3.88,Loamy
Pune,Bajra,872.4,29.1,7.3,57.0,2023-02-15,2023-07-12,3.85,Loamy
Ratnagiri,Maize,711.6,22.8,6.6,33.3,2023-12-15,2024-05-03,5.35,Sandy
Pune,Toor,685.4,26.1,5.6,48.1,2023-12-06,2024-04-04,4.19,Loamy
Ratnagiri,Wheat,709.6,31.0,6.3,44.6,2023-11-19,2024-03-15,5.27,Clay
Latur,Toor,963.3,28.1,5.8,55.2,2023-12-17,2024-03-25,4.52,Loamy
Amravati,Moong,774.9,32.6,6.5,36.5,2023-03-20,2023-07-13,4.8,Sandy
Amravati,Maize,1010.4,20.0,7.4,62.6,2023-04-01,2023-07-22,4.13,Loamy
Ratnagiri,Wheat,487.8,34.3,6.8,45.9,2023-11-09,2024-02-29,5.05,Loamy
Nashik,Bajra,449.7,22.1,6.7,50.0,2023-10-03,2024-02-18,4.83,Loamy
Ratnagiri,Maize,1039.6,23.0,7.0,51.7,2023-01-03,2023-04-07,4.4,Sandy
Latur,Toor,565.2,30.6,7.1,60.7,2023-09-08,2024-01-21,2.1,Clay
Aurangabad,Bajra,1045.5,25.6,6.7,39.9,2023-07-28,2023-11-19,2.26,Loamy
Solapur,Jowar,1006.4,26.6,6.6,69.8,2023-07-21,2023-11-10,3.03,Sandy
Latur,Wheat,532.9,20.4,6.6,62.7,2023-02-23,2023-05-31,2.54,Clay
Aurangabad,Rice,1237.5,27.1,5.9,47.9,2023-07-07,2023-11-03,3.44,Laterite
Aurangabad,Rice,1211.6,29.6,6.9,32.9,2023-04-02,2023-08-03,4.02,Laterite
Nashik,Jowar,935.3,26.7,7.4,41.8,2023-01-07,2023-04-20,3.07,Sandy
Ratnagiri,Maize,546.1,30.0,6.6,40.1,2023-03-03,2023-07-16,4.39,Sandy
Latur,Rice,828.7,23.9,6.4,53.7,2023-03-15,2023-08-15,2.49,Clay
Aurangabad,Jowar,1054.7,30.0,5.7,36.4,2023-07-23,2023-11-25,2.95,Sandy
Amravati,Wheat,579.0,20.8,6.2,31.8,2023-10-03,2024-02-20,3.56,Loamy
Amravati,Bajra,877.7,24.7,5.8,53.1,2023-03-05,2023-06-08,4.18,Loamy
Amravati,Maize,1023.2,28.4,6.5,60.2,2023-10-09,2024-01-17,2.54,Loamy
Satara,Bajra,467.7,20.2,6.5,40.6,2023-11-14,2024-03-21,3.35,Sandy
Ratnagiri,Jowar,998.2,21.3,7.3,66.3,2023-05-12,2023-08-13,4.1,Sandy
Aurangabad,Moong,983.0,23.1,6.2,34.5,2023-11-20,2024-02-20,5.48,Sandy
Nagpur,Jowar,492.5,20.1,6.5,30.5,2023-04-12,2023-08-01,3.27,Sandy
Kolhapur,Jowar,531.9,29.6,5.5,64.9,2023-07-22,2023-12-01,2.24,Loamy
Aurangabad,Jowar,488.4,22.7,6.3,34.3,2023-11-15,2024-04-09,4.25,Loamy
Aurangabad,Rice,1090.2,28.8,6.5,37.5,2023-05-16,2023-10-10,4.25,Laterite
Pune,Wheat,403.6,21.2,6.7,39.7,2023-08-22,2023-12-10,2.41,Clay
Satara,Jowar,609.9,24.6,6.4,46.9,2023-03-21,2023-08-22,5.09,Sandy
Amravati,Maize,1058.1,25.9,5.7,47.9,2023-09-02,2023-12-18,3.72,Loamy
Nagpur,Maize,661.2,26.4,7.4,58.5,2023-09-15,2024-01-30,3.66,Loamy
Nashik,Bajra,605.5,20.8,6.2,31.5,2023-12-14,2024-03-22,4.21,Loamy
Amravati,Toor,455.3,31.5,6.2,39.1,2023-08-27,2023-12-12,3.88,Loamy
Ratnagiri,Maize,975.5,20.5,6.4,67.3,2023-07-21,2023-11-28,3.63,Loamy
Pune,Bajra,752.5,27.3,6.1,30.8,2023-08-22,2023-12-30,3.56,Sandy
Aurangabad,Wheat,882.2,20.7,6.9,54.1,2023-07-08,2023-10-17,4.53,Clay
Amravati,Bajra,758.8,21.8,6.1,42.5,2023-10-08,2024-01-08,4.33,Loamy
Amravati,Toor,755.2,33.1,7.1,60.1,2023-02-09,2023-07-03,4.74,Clay
Aurangabad,Moong,812.0,31.8,5.5,41.1,2023-03-04,2023-08-07,3.03,Loamy
Solapur,Bajra,911.8,25.6,6.7,31.8,2023-09-08,2023-12-25,2.58,Loamy
Latur,Toor,1027.6,23.3,7.1,54.3,2023-01-24,2023-06-06,5.1,Clay
Kolhapur,Moong,618.9,27.3,6.3,61.7,2023-05-20,2023-09-25,4.58,Sandy
Nashik,Toor,1033.4,22.9,6.2,42.0,2023-07-06,2023-10-12,4.91,Clay
Satara,Toor,575.3,28.8,5.6,62.1,2023-02-20,2023-06-21,2.85,Clay
Solapur,Toor,1000.0,20.4,6.0,47.5,2023-05-20,2023-09-08,2.37,Clay
Ratnagiri,Wheat,648.5,27.9,7.1,40.5,2023-10-08,2024-01-19,2.26,Loamy
Nagpur,Jowar,1080.6,30.7,7.4,48.8,2023-03-10,2023-06-16,4.8,Sandy
Nashik,Wheat,581.1,20.6,6.3,68.7,2023-06-12,2023-09-21,4.51,Clay
Aurangabad,Maize,969.9,29.4,5.7,61.2,2023-07-06,2023-10-29,2.42,Sandy
Nagpur,Bajra,733.1,21.8,7.1,31.0,2023-11-03,2024-03-28,4.02,Loamy
Nagpur,Maize,1045.8,23.9,5.9,57.5,2023-07-13,2023-11-20,4.7,Sandy
Kolhapur,Maize,784.6,32.6,5.7,41.0,2023-07-09,2023-10-23,2.75,Loamy
Nagpur,Moong,895.8,26.5,5.6,63.7,2023-02-20,2023-07-02,5.07,Loamy
Pune,Bajra,810.4,29.0,7.4,35.6,2023-06-16,2023-09-19,2.91,Loamy
Kolhapur,Moong,844.9,25.3,7.1,65.6,2023-10-22,2024-01-22,4.4,Loamy
Latur,Maize,508.6,24.1,6.9,33.7,2023-05-23,2023-10-06,3.34,Loamy
Solapur,Toor,581.7,30.5,6.8,59.0,2023-01-23,2023-06-23,4.82,Clay
Solapur,Bajra,587.8,20.1,5.8,46.6,2023-02-25,2023-05-31,4.56,Loamy
Amravati,Jowar,862.2,24.2,5.7,30.8,2023-03-15,2023-07-16,2.11,Loamy
Nashik,Bajra,974.8,30.1,7.5,57.5,2023-04-19,2023-09-17,3.25,Loamy
Latur,Rice,1385.9,30.0,7.3,52.7,2023-04-25,2023-08-11,5.22,Laterite
Nashik,Wheat,673.8,24.7,5.7,64.5,2023-12-02,2024-03-09,2.11,Loamy
Nagpur,Toor,619.4,24.1,6.9,59.3,2023-06-07,2023-09-16,4.88,Clay
Nagpur,Wheat,786.4,24.8,5.6,55.5,2023-04-19,2023-07-29,2.91,Loamy
Ratnagiri,Moong,703.2,32.9,6.9,47.2,2023-06-22,2023-10-14,4.58,Sandy
Amravati,Jowar,514.2,31.2,7.2,69.7,2023-09-01,2023-12-17,2.59,Loamy
Amravati,Bajra,456.9,33.7,6.3,40.6,2023-09-03,2023-12-21,5.37,Loamy
Aurangabad,Jowar,937.0,33.9,7.5,39.5,2023-04-02,2023-09-06,4.84,Sandy
Amravati,Wheat,599.1,29.3,7.5,45.1,2023-12-11,2024-04-15,4.5,Clay
Solapur,Maize,1084.8,21.5,7.1,47.2,2023-07-20,2023-10-27,4.0,Sandy
Aurangabad,Maize,781.5,29.4,5.8,53.5,2023-04-23,2023-09-13,3.84,Loamy
Kolhapur,Rice,1377.8,22.1,5.8,42.5,2023-07-21,2023-12-22,4.68,Clay
Satara,Moong,600.7,31.5,6.1,37.9,2023-12-28,2024-05-07,5.37,Loamy
Nashik,Jowar,765.5,26.7,6.9,62.7,2023-04-13,2023-08-09,3.76,Loamy
Nagpur,Maize,985.5,20.6,7.0,33.8,2023-07-22,2023-11-23,4.39,Loamy
Ratnagiri,Rice,1236.5,26.7,6.1,52.4,2023-01-17,2023-04-30,2.31,Clay
Aurangabad,Bajra,960.7,30.4,7.4,45.3,2023-02-24,2023-07-01,3.2,Sandy
Pune,Bajra,1002.5,26.2,6.7,37.8,2023-05-16,2023-08-24,4.36,Loamy
Nagpur,Toor,831.2,32.7,6.0,67.3,2023-08-25,2023-12-28,3.44,Clay
Solapur,Toor,555.9,32.9,6.0,69.0,2023-04-19,2023-07-21,2.47,Loamy
Latur,Moong,1035.6,21.7,7.0,48.6,2023-07-09,2023-11-05,2.33,Sandy
Aurangabad,Jowar,992.7,24.2,5.6,54.7,2023-12-26,2024-04-25,3.82,Loamy
Aurangabad,Rice,955.7,30.6,6.9,59.1,2023-10-22,2024-03-12,4.7,Clay
Nashik,Wheat,919.7,20.1,6.5,69.7,2023-05-13,2023-09-26,4.35,Loamy
Latur,Jowar,673.9,28.5,6.3,30.0,2023-07-27,2023-12-20,2.42,Loamy
Aurangabad,Rice,763.8,27.7,5.7,54.6,2023-12-27,2024-05-31,5.29,Clay
Kolhapur,Toor,454.1,20.3,6.1,33.8,2023-12-27,2024-03-28,2.79,Loamy
Nashik,Jowar,541.7,21.1,7.2,56.0,2023-06-07,2023-11-14,5.05,Sandy
Solapur,Moong,440.4,32.0,6.6,60.2,2023-11-06,2024-02-04,4.04,Sandy
Aurangabad,Moong,424.1,31.4,6.6,37.6,2023-02-11,2023-05-15,5.01,Sandy
Satara,Toor,893.3,24.7,5.7,49.5,2023-01-10,2023-04-10,2.46,Loamy
Kolhapur,Jowar,1069.8,32.8,6.4,54.8,2023-10-28,2024-02-29,2.76,Loamy
Satara,Moong,1079.5,27.3,7.1,50.3,2023-03-21,2023-07-12,4.63,Sandy
Amravati,Maize,927.5,34.1,6.4,47.7,2023-11-06,2024-03-09,3.77,Loamy
Latur,Wheat,987.4,28.5,5.9,35.4,2023-02-12,2023-06-28,3.96,Clay
Pune,Maize,1027.9,27.6,6.2,57.0,2023-12-15,2024-04-22,2.68,Loamy
Aurangabad,Moong,741.1,26.6,6.0,69.9,2023-08-01,2023-12-14,3.18,Loamy
Kolhapur,Toor,670.6,20.1,7.3,65.4,2023-03-16,2023-06-29,3.93,Loamy
Pune,Moong,1072.8,29.6,6.6,67.6,2023-03-18,2023-06-28,2.1,Sandy
Nashik,Jowar,468.8,22.6,7.3,56.7,2023-06-21,2023-10-08,2.57,Sandy
Nagpur,Wheat,519.1,24.5,7.1,30.5,2023-11-17,2024-04-06,2.71,Loamy
Nashik,Moong,900.3,34.4,7.4,62.9,2023-11-26,2024-03-24,4.99,Sandy
Satara,Bajra,1068.2,26.7,5.9,30.7,2023-01-11,2023-06-20,4.27,Sandy
Ratnagiri,Jowar,756.4,33.0,6.4,59.2,2023-06-08,2023-11-11,2.14,Sandy
Aurangabad,Rice,1367.5,26.4,6.8,50.1,2023-02-11,2023-05-30,3.03,Clay
Aurangabad,Rice,1219.2,33.8,6.1,38.0,2023-09-19,2024-01-23,3.23,Clay
Nagpur,Toor,711.5,24.1,6.1,34.8,2023-05-11,2023-09-24,2.97,Clay
Ratnagiri,Wheat,646.9,32.8,6.2,64.8,2023-10-09,2024-02-25,3.48,Loamy
Satara,Wheat,902.1,24.9,5.7,65.2,2023-04-08,2023-07-31,2.88,Clay
Kolhapur,Wheat,981.3,24.2,5.9,44.2,2023-11-19,2024-03-10,2.21,Clay
Satara,Rice,917.3,30.1,5.8,34.8,2023-06-28,2023-12-03,2.37,Clay
Kolhapur,Wheat,690.9,32.6,5.8,63.9,2023-03-09,2023-08-10,3.92,Clay
Satara,Maize,1037.6,31.1,5.8,36.5,2023-10-14,2024-02-27,3.93,Sandy
Satara,Jowar,995.4,32.9,6.3,46.1,2023-03-03,2023-07-11,3.94,Loamy
Aurangabad,Moong,515.5,25.0,6.3,33.0,2023-09-27,2024-02-04,5.23,Sandy
Aurangabad,Maize,1065.5,26.0,6.7,40.6,2023-11-08,2024-03-27,3.44,Loamy
Latur,Bajra,416.0,22.4,7.5,55.1,2023-05-02,2023-09-27,2.28,Loamy
Nagpur,Jowar,908.5,28.0,7.0,69.8,2023-07-02,2023-10-08,4.95,Loamy
Latur,Wheat,750.2,25.6,5.7,51.9,2023-09-23,2024-01-16,4.87,Clay
Pune,Moong,584.7,23.4,6.0,59.4,2023-10-22,2024-03-22,3.06,Sandy
Kolhapur,Jowar,1071.6,23.0,5.6,44.2,2023-10-11,2024-03-04,2.77,Sandy
Latur,Rice,1372.1,30.5,6.3,35.4,2023-05-10,2023-09-13,2.31,Laterite
Pune,Rice,721.9,23.3,6.8,46.7,2023-10-05,2024-01-17,5.16,Clay
Kolhapur,Bajra,439.1,29.8,6.0,58.8,2023-08-02,2023-11-12,4.41,Sandy
Amravati,Bajra,786.9,28.8,5.6,57.2,2023-01-17,2023-05-03,2.18,Sandy
Kolhapur,Maize,550.6,22.5,7.2,32.6,2023-09-27,2024-01-14,4.79,Loamy
Latur,Wheat,630.0,31.0,6.7,68.3,2023-05-28,2023-09-01,5.06,Loamy
Satara,Rice,893.9,28.9,5.6,47.4,2023-06-11,2023-10-29,4.88,Clay
Latur,Toor,655.2,21.0,6.2,67.6,2023-07-15,2023-12-18,5.2,Clay
Satara,Rice,879.2,24.5,6.4,32.6,2023-04-24,2023-08-06,4.1,Clay
Nagpur,Rice,1256.0,25.3,6.3,43.3,2023-12-10,2024-03-13,2.62,Clay
Satara,Wheat,799.4,33.4,7.3,30.1,2023-12-02,2024-04-14,4.97,Clay
Aurangabad,Wheat,846.4,34.5,7.0,46.8,2023-04-04,2023-07-13,5.05,Loamy
Latur,Maize,882.1,25.6,6.8,33.7,2023-10-21,2024-01-23,3.7,Loamy
Nashik,Bajra,692.2,32.6,6.7,58.3,2023-05-15,2023-10-14,4.45,Loamy
Aurangabad,Jowar,420.7,21.8,7.1,67.8,2023-11-05,2024-03-29,3.05,Sandy
Kolhapur,Rice,869.8,31.9,7.4,58.4,2023-05-01,2023-09-12,2.78,Laterite
Nagpur,Wheat,643.5,30.4,6.0,58.6,2023-05-18,2023-09-30,4.65,Loamy
Amravati,Moong,798.6,27.8,7.3,55.0,2023-01-28,2023-05-25,3.87,Sandy
Solapur,Toor,786.5,28.2,6.5,65.3,2023-11-22,2024-03-24,4.34,Loamy
Pune,Bajra,951.7,25.5,6.3,40.4,2023-12-18,2024-05-04,4.99,Loamy
Satara,Rice,1094.3,29.1,7.5,52.7,2023-08-17,2023-12-01,4.26,Clay
Latur,Moong,879.0,27.9,7.0,36.6,2023-06-23,2023-10-28,2.1,Sandy
Solapur,Bajra,783.8,26.9,7.1,59.6,2023-02-24,2023-05-29,4.79,Loamy
Latur,Bajra,523.1,23.1,6.9,65.6,2023-08-21,2024-01-26,3.8,Loamy
Nagpur,Wheat,1095.0,26.9,7.1,49.7,2023-04-07,2023-08-16,5.23,Loamy
Latur,Toor,408.8,25.5,7.5,49.4,2023-08-12,2023-11-22,2.73,Clay
Nagpur,Moong,713.2,20.8,7.4,55.0,2023-03-06,2023-08-11,4.51,Sandy
Nagpur,Toor,935.2,34.5,7.0,32.7,2023-05-04,2023-10-06,4.82,Loamy
Satara,Moong,548.3,23.4,6.1,53.9,2023-02-28,2023-06-19,2.22,Sandy
Pune,Jowar,839.1,31.0,6.4,36.3,2023-03-11,2023-07-07,3.75,Sandy
Latur,Maize,1045.5,21.9,7.0,49.9,2023-08-12,2024-01-09,3.34,Sandy
Solapur,Jowar,511.9,21.7,7.5,43.2,2023-11-18,2024-03-20,2.95,Sandy
Solapur,Moong,1078.1,29.9,7.0,68.8,2023-12-24,2024-05-19,3.32,Sandy
Pune,Wheat,772.7,24.9,6.4,67.3,2023-03-05,2023-06-14,5.46,Clay
Latur,Jowar,571.7,29.5,6.6,46.2,2023-11-22,2024-03-15,2.77,Loamy
Solapur,Jowar,779.7,22.6,7.4,45.6,2023-11-07,2024-03-23,3.62,Sandy
Amravati,Jowar,530.1,33.1,6.1,46.0,2023-02-26,2023-06-25,4.7,Sandy
Latur,Toor,999.6,25.3,6.5,36.7,2023-04-02,2023-09-03,2.72,Clay
Latur,Moong,1043.7,33.7,5.9,34.1,2023-02-18,2023-06-25,2.52,Loamy
Solapur,Jowar,915.6,22.6,5.9,63.9,2023-10-26,2024-03-09,4.12,Sandy
Aurangabad,Moong,605.4,21.2,7.2,41.1,2023-05-16,2023-08-23,4.07,Loamy
Amravati,Maize,1018.4,34.0,7.3,47.8,2023-01-22,2023-05-07,2.76,Sandy
Kolhapur,Toor,771.1,27.0,5.9,55.1,2023-09-26,2024-01-16,3.67,Clay
Aurangabad,Toor,855.1,32.4,6.6,34.6,2023-11-15,2024-04-17,3.86,Clay
Aurangabad,Toor,677.3,25.1,6.3,50.5,2023-04-23,2023-09-08,4.46,Clay
Nagpur,Rice,1011.4,25.1,5.9,67.7,2023-03-06,2023-07-21,2.8,Laterite
Amravati,Toor,853.5,27.4,6.8,32.6,2023-11-05,2024-04-05,2.53,Clay
Nashik,Toor,989.0,34.0,6.7,63.0,2023-02-10,2023-05-30,4.13,Clay
Nashik,Bajra,639.9,22.0,5.6,68.4,2023-10-01,2024-02-02,3.74,Loamy
Ratnagiri,Toor,625.3,23.3,6.1,48.0,2023-01-05,2023-06-10,3.54,Clay
Aurangabad,Bajra,485.9,23.3,5.9,44.0,2023-05-01,2023-10-03,3.61,Sandy
Kolhapur,Bajra,1019.3,25.4,5.5,39.3,2023-03-16,2023-07-07,2.33,Loamy
Latur,Toor,784.7,31.8,6.5,40.5,2023-05-23,2023-09-15,2.13,Loamy
Nagpur,Wheat,1036.0,29.2,7.1,45.5,2023-03-25,2023-08-05,3.96,Loamy
Latur,Wheat,980.6,31.8,5.7,53.2,2023-10-09,2024-02-15,2.49,Clay
Nagpur,Toor,999.1,32.3,5.5,47.8,2023-08-19,2023-12-20,4.01,Loamy
Solapur,Rice,1308.7,29.6,5.7,38.7,2023-01-12,2023-06-21,3.68,Laterite
Aurangabad,Wheat,464.4,29.7,6.0,51.6,2023-02-22,2023-06-07,4.77,Loamy
Aurangabad,Wheat,438.3,23.7,5.8,55.6,2023-09-09,2023-12-22,3.48,Clay
Amravati,Toor,680.6,22.3,5.6,45.8,2023-11-05,2024-04-07,4.73,Loamy
Kolhapur,Toor,457.8,28.7,6.0,69.5,2023-06-18,2023-09-24,4.71,Loamy
Satara,Jowar,974.1,26.5,7.3,39.4,2023-06-28,2023-10-20,4.63,Sandy
Nagpur,Moong,515.0,34.8,6.7,67.6,2023-05-23,2023-10-29,3.57,Sandy
Satara,Toor,760.2,27.6,5.6,64.1,2023-02-14,2023-06-28,3.14,Loamy
Aurangabad,Toor,515.2,35.0,6.6,62.3,2023-11-11,2024-02-25,4.03,Loamy
Latur,Jowar,853.4,26.4,6.3,46.3,2023-07-18,2023-12-16,4.26,Sandy
Ratnagiri,Jowar,555.0,33.5,6.1,40.6,2023-06-12,2023-09-26,5.16,Loamy
Amravati,Toor,838.7,23.7,6.2,66.1,2023-05-14,2023-10-03,2.82,Loamy
Solapur,Maize,613.0,28.1,6.1,43.5,2023-10-07,2024-03-08,2.38,Sandy
Satara,Moong,953.0,24.6,6.9,52.3,2023-01-14,2023-05-08,2.19,Sandy
Nagpur,Bajra,705.3,28.1,6.0,56.4,2023-09-15,2023-12-20,4.28,Sandy
Aurangabad,Jowar,1018.4,34.3,6.0,42.7,2023-11-26,2024-04-05,3.14,Loamy
Amravati,Rice,1186.3,32.7,7.2,33.1,2023-07-23,2023-11-12,3.07,Clay
Latur,Jowar,902.4,29.6,5.8,49.8,2023-12-21,2024-05-18,3.9,Sandy
Pune,Jowar,435.7,20.7,6.8,61.5,2023-05-21,2023-10-01,4.3,Loamy
Kolhapur,Toor,692.2,24.6,6.9,60.9,2023-04-16,2023-07-29,3.69,Loamy
Ratnagiri,Jowar,846.9,33.6,5.6,66.4,2023-09-25,2023-12-27,2.27,Sandy
Satara,Maize,694.6,28.8,7.0,62.4,2023-02-07,2023-06-17,3.17,Loamy
Solapur,Wheat,498.2,31.9,6.9,36.7,2023-04-24,2023-08-19,3.77,Clay
Nagpur,Bajra,968.1,20.7,6.9,56.0,2023-10-06,2024-02-22,3.43,Sandy
Pune,Bajra,906.9,24.3,6.7,68.0,2023-01-16,2023-05-22,4.6,Sandy
Ratnagiri,Moong,439.7,24.4,7.0,61.5,2023-12-11,2024-04-30,3.57,Sandy
Satara,Wheat,951.9,33.2,6.1,44.9,2023-08-27,2024-01-31,3.6,Loamy
Nashik,Wheat,665.3,25.2,6.5,50.0,2023-04-08,2023-07-07,3.42,Clay
Ratnagiri,Rice,1286.6,28.5,6.1,63.5,2023-08-03,2023-12-03,3.13,Laterite
Aurangabad,Bajra,985.8,29.5,7.0,44.7,2023-09-25,2024-02-29,2.71,Sandy
Nagpur,Moong,1022.6,32.3,5.5,58.9,2023-04-26,2023-08-01,3.86,Sandy
Satara,Maize,815.9,20.8,6.0,42.6,2023-11-21,2024-03-24,4.98,Loamy
Ratnagiri,Jowar,570.7,21.7,7.5,38.0,2023-07-25,2023-12-11,3.8,Sandy
Ratnagiri,Toor,1082.5,20.9,7.0,30.4,2023-03-01,2023-07-28,3.72,Clay
Satara,Jowar,834.0,34.2,6.8,42.9,2023-08-27,2023-12-30,2.64,Loamy
Kolhapur,Moong,1071.8,23.2,6.4,44.5,2023-04-28,2023-09-01,4.13,Sandy
Latur,Jowar,667.4,26.2,6.1,39.9,2023-11-03,2024-02-20,2.35,Loamy
Amravati,Wheat,870.3,25.2,6.0,36.3,2023-09-01,2023-12-30,2.68,Loamy
Ratnagiri,Bajra,696.7,31.0,6.2,36.2,2023-10-16,2024-03-03,4.44,Loamy
Kolhapur,Moong,839.3,25.7,6.5,67.2,2023-07-25,2023-12-11,5.42,Loamy
Solapur,Bajra,1003.7,28.7,6.7,33.8,2023-08-19,2023-12-25,4.42,Loamy
Latur,Jowar,564.7,20.8,7.3,51.5,2023-03-14,2023-08-16,4.94,Loamy
Ratnagiri,Jowar,846.2,28.2,6.5,45.3,2023-02-28,2023-06-10,2.04,Sandy
Ratnagiri,Rice,746.4,34.2,7.4,62.1,2023-09-23,2023-12-22,5.24,Clay
Pune,Rice,761.4,34.2,6.6,48.0,2023-06-06,2023-10-17,5.36,Laterite
Amravati,Maize,644.1,32.8,7.2,50.7,2023-07-17,2023-12-16,4.78,Loamy
Nashik,Maize,777.7,34.4,5.8,66.5,2023-07-18,2023-10-31,2.31,Loamy
Amravati,Maize,609.1,30.7,7.5,56.0,2023-01-03,2023-06-05,3.03,Sandy
Solapur,Toor,549.3,22.0,6.0,50.9,2023-12-22,2024-04-09,5.38,Loamy
Pune,Jowar,527.4,22.1,6.1,62.3,2023-06-14,2023-11-11,3.26,Loamy
Nashik,Jowar,572.8,26.9,6.8,46.7,2023-12-08,2024-03-27,3.95,Loamy
Satara,Rice,1376.1,34.2,6.1,61.6,2023-08-05,2023-12-04,3.65,Laterite
Pune,Moong,876.7,23.4,7.0,58.5,2023-02-22,2023-06-05,2.84,Sandy
Amravati,Maize,423.7,24.1,5.8,50.6,2023-09-20,2024-01-30,2.76,Loamy
Ratnagiri,Maize,653.4,30.8,7.1,51.1,2023-11-14,2024-03-31,4.02,Sandy
Satara,Wheat,1070.0,26.2,7.2,52.4,2023-12-02,2024-05-05,4.76,Clay
Pune,Toor,405.1,27.0,6.0,68.7,2023-09-24,2024-01-17,3.2,Loamy
Nashik,Jowar,993.7,34.0,6.4,41.6,2023-07-22,2023-11-22,4.16,Loamy
Solapur,Toor,594.2,26.7,5.9,66.6,2023-10-14,2024-03-04,2.24,Loamy
Kolhapur,Wheat,819.4,26.7,5.8,39.1,2023-11-28,2024-04-07,5.38,Loamy
Amravati,Maize,562.2,25.9,7.1,41.7,2023-09-09,2023-12-20,2.09,Sandy
Nashik,Toor,902.8,24.3,6.2,63.5,2023-01-19,2023-06-24,2.7,Clay
Latur,Maize,643.7,33.0,7.3,32.7,2023-11-27,2024-05-04,3.42,Loamy
Latur,Jowar,704.3,29.7,7.4,41.2,2023-05-12,2023-08-20,4.91,Loamy
Pune,Bajra,468.5,23.8,7.3,50.5,2023-08-28,2024-01-19,3.39,Loamy
Ratnagiri,Rice,1001.1,24.6,6.9,33.9,2023-08-11,2023-12-14,4.69,Laterite
Solapur,Toor,485.8,30.7,6.3,42.2,2023-10-18,2024-01-29,5.06,Clay
Ratnagiri,Rice,916.3,29.1,7.2,33.9,2023-02-16,2023-06-16,4.81,Clay
Amravati,Rice,809.1,33.2,7.5,49.9,2023-07-14,2023-12-01,3.27,Clay
Satara,Jowar,442.5,23.7,7.1,54.4,2023-06-19,2023-10-08,3.09,Loamy
Amravati,Jowar,957.1,27.2,7.4,35.5,2023-10-28,2024-03-28,5.4,Sandy
Ratnagiri,Maize,558.8,32.1,7.2,59.9,2023-02-04,2023-06-28,2.07,Sandy
Solapur,Maize,490.2,21.2,7.0,68.0,2023-02-26,2023-05-27,5.33,Sandy
Nagpur,Rice,1210.9,23.2,6.9,61.1,2023-04-03,2023-08-18,2.25,Clay
Nashik,Rice,1130.2,33.3,6.3,55.7,2023-10-23,2024-03-09,3.35,Clay
Solapur,Wheat,777.9,27.2,6.3,48.0,2023-05-25,2023-10-28,2.8,Clay
Aurangabad,Wheat,946.5,30.2,6.6,51.2,2023-09-16,2024-01-06,5.04,Loamy
Satara,Moong,865.0,24.0,7.4,48.7,2023-05-09,2023-09-06,5.07,Sandy
Solapur,Wheat,792.1,28.3,6.4,40.0,2023-07-09,2023-12-06,3.29,Clay
Nagpur,Toor,611.5,25.2,7.2,48.1,2023-11-04,2024-04-01,4.11,Loamy
Latur,Jowar,963.9,22.9,7.3,47.9,2023-07-22,2023-11-18,3.97,Loamy
Nagpur,Maize,609.8,24.9,5.9,54.9,2023-04-21,2023-08-31,2.85,Sandy
Aurangabad,Rice,618.4,31.5,6.3,35.9,2023-03-07,2023-08-10,3.83,Laterite
Aurangabad,Bajra,412.1,24.0,6.0,32.6,2023-08-09,2023-11-23,3.56,Loamy
Aurangabad,Bajra,481.5,23.9,6.0,41.2,2023-07-26,2023-11-17,4.58,Sandy
Aurangabad,Toor,793.7,29.8,6.9,65.8,2023-12-21,2024-05-20,2.93,Clay
Amravati,Wheat,600.5,29.9,5.6,63.1,2023-02-09,2023-07-03,2.72,Loamy
Nagpur,Toor,559.0,20.4,5.5,34.9,2023-12-22,2024-05-01,3.45,Clay
Pune,Toor,577.8,34.7,6.9,53.1,2023-06-05,2023-09-29,2.09,Clay
Nashik,Toor,930.1,33.3,7.5,31.7,2023-08-27,2023-12-21,2.33,Loamy
Nashik,Jowar,742.2,32.5,6.5,40.9,2023-03-08,2023-08-06,2.82,Loamy
Aurangabad,Moong,533.8,26.5,5.6,46.9,2023-12-27,2024-04-27,2.56,Loamy
Nashik,Bajra,610.4,34.3,5.9,49.0,2023-08-03,2023-12-12,3.74,Loamy
Solapur,Rice,801.5,28.4,7.4,38.6,2023-12-14,2024-05-07,4.08,Laterite
Latur,Wheat,1029.3,28.8,5.5,31.9,2023-09-23,2024-02-09,2.87,Clay
Latur,Wheat,791.0,31.4,7.5,66.5,2023-12-09,2024-05-17,4.72,Clay
Solapur,Rice,1388.8,32.9,5.6,50.2,2023-06-21,2023-11-10,5.14,Clay
Kolhapur,Bajra,1082.7,32.5,6.5,46.7,2023-12-02,2024-04-03,2.33,Loamy
Pune,Jowar,464.7,32.8,7.4,67.0,2023-12-24,2024-05-02,2.23,Sandy
Nashik,Toor,1094.0,25.3,5.9,31.0,2023-07-18,2023-11-28,2.03,Clay
Amravati,Maize,879.9,27.6,6.0,54.2,2023-11-05,2024-02-25,4.43,Sandy
Nashik,Bajra,665.5,30.7,6.8,51.4,2023-10-14,2024-02-21,3.39,Sandy
Ratnagiri,Toor,477.8,26.1,7.1,50.7,2023-09-22,2024-02-24,4.93,Loamy
Kolhapur,Toor,544.5,21.4,6.5,39.2,2023-06-25,2023-10-24,3.93,Loamy
Amravati,Wheat,400.9,24.7,6.3,44.7,2023-05-25,2023-09-09,2.05,Loamy
Nagpur,Toor,795.9,26.9,6.0,38.7,2023-12-06,2024-05-04,4.23,Clay
Nashik,Toor,1039.4,23.7,7.0,31.9,2023-09-07,2023-12-09,4.6,Loamy
Solapur,Jowar,923.8,32.1,7.3,38.3,2023-07-01,2023-10-29,4.49,Sandy
Pune,Rice,1153.8,25.7,7.1,45.7,2023-05-14,2023-09-03,3.27,Clay
Kolhapur,Maize,655.5,23.2,5.5,33.2,2023-08-04,2023-12-05,4.73,Loamy
Aurangabad,Bajra,921.9,22.8,6.3,37.5,2023-11-15,2024-03-24,5.27,Sandy
Pune,Wheat,450.9,33.6,6.6,54.6,2023-10-24,2024-01-31,5.5,Clay
Ratnagiri,Rice,901.7,22.6,6.1,43.8,2023-10-06,2024-03-05,3.9,Clay
Kolhapur,Bajra,552.0,28.1,6.4,47.6,2023-11-19,2024-03-01,2.25,Sandy
Aurangabad,Bajra,851.4,30.9,7.0,32.5,2023-09-13,2024-01-06,3.45,Loamy
Nashik,Bajra,1081.7,30.2,7.4,30.6,2023-03-01,2023-06-04,4.62,Sandy
Nashik,Jowar,864.5,24.8,6.0,32.0,2023-08-20,2023-12-15,4.63,Loamy
Ratnagiri,Wheat,495.1,28.1,7.1,35.1,2023-08-11,2023-12-08,3.3,Clay
Satara,Toor,618.8,23.2,6.0,37.7,2023-11-15,2024-03-19,3.68,Clay
Amravati,Moong,1076.6,32.8,6.0,39.6,2023-06-18,2023-10-12,3.25,Sandy
Amravati,Maize,893.0,30.0,7.1,36.3,2023-12-13,2024-05-04,3.9,Loamy
Latur,Maize,846.2,21.2,7.1,50.2,2023-05-04,2023-09-26,2.7,Sandy
Satara,Wheat,908.4,29.0,5.5,33.0,2023-05-02,2023-08-27,4.99,Clay
Ratnagiri,Rice,1018.9,20.2,7.1,58.7,2023-06-11,2023-10-28,5.06,Laterite
Amravati,Rice,1082.6,28.8,6.9,56.7,2023-03-28,2023-07-30,5.41,Clay
Aurangabad,Bajra,724.9,28.7,7.2,60.2,2023-07-14,2023-11-29,5.0,Sandy
Pune,Jowar,758.9,31.9,5.8,69.5,2023-06-05,2023-11-07,2.09,Sandy
Kolhapur,Jowar,892.3,23.5,6.7,67.4,2023-01-22,2023-05-19,2.03,Loamy
Satara,Rice,851.3,28.8,5.9,66.8,2023-12-05,2024-04-20,3.65,Clay
Kolhapur,Jowar,821.3,22.3,7.5,69.4,2023-09-07,2023-12-10,2.87,Sandy
Satara,Rice,682.3,24.5,6.7,44.4,2023-04-21,2023-09-22,5.11,Laterite
Aurangabad,Moong,1056.9,30.6,7.1,63.7,2023-05-04,2023-09-21,2.82,Loamy
Pune,Maize,616.3,27.4,6.6,41.6,2023-11-18,2024-04-07,3.0,Loamy
Ratnagiri,Toor,1053.8,26.9,6.9,53.7,2023-08-24,2023-12-10,4.6,Clay
Kolhapur,Bajra,938.8,31.0,7.1,49.8,2023-12-20,2024-05-05,5.36,Loamy
Latur,Toor,788.6,32.0,5.8,33.7,2023-01-19,2023-04-20,4.18,Loamy
Kolhapur,Maize,680.8,21.5,6.0,56.9,2023-11-12,2024-03-06,4.04,Sandy
Amravati,Jowar,1045.2,26.2,7.0,65.1,2023-06-11,2023-10-04,5.17,Sandy
Latur,Wheat,953.2,21.6,6.8,55.0,2023-03-23,2023-08-01,4.65,Loamy
Solapur,Maize,839.3,25.6,5.7,50.0,2023-02-06,2023-06-13,2.74,Loamy
Nashik,Rice,667.4,24.6,6.5,44.6,2023-06-02,2023-09-01,2.95,Laterite
Satara,Rice,618.9,22.4,6.0,62.8,2023-07-06,2023-10-12,4.07,Clay
Aurangabad,Moong,803.2,26.0,6.4,51.4,2023-04-21,2023-09-16,2.0,Loamy
Nagpur,Wheat,515.0,26.1,6.0,69.2,2023-11-15,2024-04-13,2.97,Clay
Nagpur,Bajra,869.6,23.4,5.8,33.7,2023-06-13,2023-11-14,5.07,Loamy
Aurangabad,Rice,1024.7,24.1,7.2,53.1,2023-05-28,2023-10-30,4.09,Laterite
Satara,Toor,1018.4,23.0,7.1,43.8,2023-07-10,2023-10-22,5.16,Loamy
Ratnagiri,Wheat,730.8,26.5,6.0,66.7,2023-07-09,2023-10-15,3.25,Clay
Pune,Moong,558.9,26.5,6.4,69.7,2023-12-06,2024-03-30,3.94,Sandy
Amravati,Moong,624.1,22.1,7.4,69.3,2023-07-21,2023-12-08,4.85,Sandy
Satara,Maize,771.2,25.3,7.0,56.0,2023-05-21,2023-09-04,4.43,Loamy
Kolhapur,Bajra,548.5,33.4,6.2,59.7,2023-11-08,2024-03-06,3.97,Sandy
Nagpur,Wheat,427.2,28.7,6.5,31.1,2023-09-02,2024-01-22,3.67,Clay
Aurangabad,Toor,1019.3,29.2,6.0,34.6,2023-06-12,2023-09-14,3.93,Loamy
Nagpur,Bajra,788.6,30.4,7.4,34.1,2023-04-06,2023-08-28,3.84,Loamy
Aurangabad,Rice,1004.0,32.8,6.6,37.6,2023-07-28,2023-12-19,3.42,Clay
Satara,Wheat,1054.7,30.9,6.4,33.8,2023-08-25,2024-01-10,2.96,Loamy
Ratnagiri,Moong,454.4,26.6,6.7,64.0,2023-01-08,2023-04-15,4.2,Loamy
Kolhapur,Wheat,823.3,31.4,7.0,49.8,2023-02-24,2023-06-28,2.65,Clay
Amravati,Moong,740.6,30.0,6.5,55.0,2023-08-19,2024-01-25,2.74,Sandy
Nagpur,Moong,740.6,30.3,6.2,33.8,2023-04-06,2023-08-27,4.39,Loamy
Satara,Bajra,771.5,24.5,5.6,57.6,2023-01-16,2023-04-27,4.28,Loamy
Solapur,Bajra,584.2,21.1,7.5,69.3,2023-07-08,2023-11-21,3.11,Sandy
Solapur,Jowar,998.7,25.9,5.6,37.7,2023-01-02,2023-04-14,2.39,Sandy
Aurangabad,Moong,884.5,22.5,7.3,67.5,2023-06-18,2023-10-12,3.08,Loamy
Amravati,Jowar,462.8,22.5,5.8,54.3,2023-04-11,2023-09-05,4.04,Sandy
Amravati,Maize,810.8,31.2,5.7,42.8,2023-11-10,2024-02-15,5.21,Loamy
Nagpur,Bajra,692.7,20.5,5.9,43.7,2023-04-05,2023-08-04,5.04,Sandy
Nashik,Bajra,846.2,28.3,6.4,60.6,2023-02-04,2023-07-13,3.49,Loamy
Ratnagiri,Jowar,699.8,22.1,6.6,36.6,2023-06-04,2023-10-28,2.36,Loamy
Kolhapur,Moong,494.2,30.8,7.2,52.3,2023-03-05,2023-07-16,5.38,Loamy
Nagpur,Rice,1280.6,20.0,5.8,50.9,2023-07-10,2023-10-21,2.67,Clay
Aurangabad,Rice,1044.3,21.8,7.3,51.1,2023-06-08,2023-09-26,3.48,Clay
Aurangabad,Moong,800.4,28.9,7.5,44.3,2023-01-01,2023-05-08,5.2,Loamy
Aurangabad,Jowar,732.3,26.5,6.7,49.3,2023-09-23,2024-02-20,4.76,Sandy
Pune,Wheat,1031.5,30.3,6.7,40.5,2023-07-12,2023-10-22,3.91,Loamy
Aurangabad,Wheat,692.8,28.4,7.2,31.3,2023-07-07,2023-11-22,2.27,Loamy
Pune,Toor,606.3,24.6,7.0,44.9,2023-03-01,2023-06-06,2.82,Loamy
Kolhapur,Jowar,534.9,21.3,6.6,68.2,2023-11-14,2024-03-24,5.35,Loamy
Kolhapur,Toor,425.4,34.3,7.3,49.2,2023-10-14,2024-03-16,3.38,Loamy
Kolhapur,Maize,922.9,20.8,6.1,67.4,2023-06-22,2023-10-11,2.38,Sandy
Amravati,Wheat,578.9,21.8,6.4,58.0,2023-08-15,2024-01-07,5.26,Loamy
Nagpur,Wheat,860.0,22.4,7.2,68.2,2023-10-26,2024-02-18,2.98,Loamy
Nagpur,Bajra,602.0,24.9,6.0,49.9,2023-05-02,2023-08-10,3.95,Sandy
Ratnagiri,Maize,456.6,24.3,7.0,67.9,2023-10-09,2024-03-06,3.84,Loamy
Nashik,Rice,1252.8,26.8,6.7,56.9,2023-06-14,2023-09-25,4.25,Clay
Aurangabad,Rice,660.1,23.2,7.4,47.1,2023-09-28,2024-02-04,3.0,Laterite
Latur,Maize,1073.0,22.9,6.9,46.1,2023-06-07,2023-10-28,2.93,Loamy
Nagpur,Toor,507.4,32.1,6.0,45.7,2023-01-25,2023-04-30,4.27,Clay
Amravati,Wheat,711.2,26.6,5.8,63.0,2023-12-25,2024-04-09,3.36,Loamy
Nagpur,Toor,649.6,26.3,7.1,45.0,2023-04-27,2023-07-29,3.7,Clay
Solapur,Rice,1218.7,32.7,7.2,67.8,2023-08-04,2023-12-26,4.94,Clay
Kolhapur,Rice,869.0,34.2,7.2,35.6,2023-02-03,2023-06-04,3.12,Laterite
Amravati,Wheat,723.8,34.4,6.3,66.5,2023-10-09,2024-01-18,2.39,Clay
Ratnagiri,Maize,630.6,29.0,7.1,69.2,2023-08-23,2023-11-26,4.67,Sandy
Amravati,Moong,601.6,20.1,7.4,38.8,2023-03-21,2023-07-27,3.8,Sandy
Pune,Wheat,717.9,26.7,7.4,57.9,2023-07-10,2023-10-15,3.88,Loamy
Satara,Jowar,708.5,30.3,6.3,30.0,2023-07-14,2023-11-24,3.56,Loamy
Ratnagiri,Wheat,950.3,26.6,7.1,58.9,2023-12-01,2024-03-02,5.39,Clay
Nashik,Maize,614.4,25.9,6.6,42.5,2023-12-17,2024-04-18,2.53,Sandy
Aurangabad,Rice,1191.7,34.6,6.3,45.4,2023-12-24,2024-03-25,3.33,Clay
Aurangabad,Jowar,628.2,21.8,7.1,52.4,2023-05-13,2023-08-31,4.15,Loamy
Aurangabad,Bajra,503.4,30.2,7.2,34.0,2023-09-22,2024-01-06,2.92,Sandy
Satara,Toor,1063.2,32.4,6.0,69.4,2023-06-07,2023-10-06,3.15,Clay
Amravati,Bajra,406.4,25.3,5.6,40.2,2023-12-13,2024-05-12,5.1,Sandy
Pune,Jowar,486.8,32.7,6.8,57.7,2023-09-09,2024-02-15,5.37,Sandy
Nashik,Toor,965.8,22.9,6.9,62.7,2023-01-16,2023-06-09,2.31,Clay
Kolhapur,Jowar,852.9,21.0,6.0,53.5,2023-10-07,2024-02-10,2.55,Sandy
Nagpur,Rice,754.6,22.2,6.1,63.6,2023-03-18,2023-08-20,2.92,Laterite
Amravati,Moong,494.3,34.3,6.4,58.0,2023-04-27,2023-08-04,5.34,Loamy
Aurangabad,Rice,1086.3,21.1,5.9,63.6,2023-06-05,2023-11-09,2.57,Clay
Kolhapur,Jowar,719.1,21.1,7.1,45.2,2023-06-21,2023-11-22,3.08,Sandy
Latur,Jowar,1056.0,27.2,6.2,67.6,2023-08-28,2023-12-28,4.74,Loamy
Kolhapur,Moong,1039.3,29.2,6.2,65.2,2023-07-06,2023-12-13,5.41,Loamy
Nashik,Rice,698.8,31.1,6.3,35.5,2023-04-02,2023-08-28,2.68,Clay
Aurangabad,Bajra,486.0,23.2,6.2,54.6,2023-10-14,2024-02-01,3.12,Sandy
Kolhapur,Bajra,828.1,20.8,6.6,34.4,2023-09-06,2024-01-04,3.15,Sandy
Nashik,Bajra,510.7,29.6,6.0,61.7,2023-09-22,2024-02-07,2.75,Sandy
Nashik,Rice,1195.7,28.7,5.9,55.7,2023-04-17,2023-08-13,5.34,Clay
Solapur,Wheat,1056.9,20.8,5.6,58.1,2023-09-05,2024-01-06,2.78,Clay
Kolhapur,Moong,783.7,32.6,7.3,45.1,2023-02-20,2023-06-24,5.32,Loamy
Nagpur,Toor,1003.7,20.1,7.2,69.1,2023-08-16,2024-01-19,2.37,Loamy
Aurangabad,Maize,485.5,34.2,6.7,67.6,2023-05-13,2023-10-03,2.57,Sandy
Kolhapur,Maize,1023.5,28.9,6.5,35.5,2023-01-03,2023-05-20,4.21,Sandy
Nashik,Bajra,646.5,32.2,6.7,46.9,2023-07-25,2023-11-26,4.5,Sandy
Amravati,Wheat,538.2,29.0,7.3,66.1,2023-09-03,2024-02-03,4.92,Loamy
Kolhapur,Moong,797.0,33.6,6.5,63.8,2023-08-03,2023-11-01,5.47,Loamy
Solapur,Jowar,549.9,31.8,7.4,55.8,2023-10-15,2024-03-03,4.38,Loamy
Nashik,Moong,591.8,29.7,6.0,37.3,2023-07-03,2023-12-02,2.99,Sandy
Kolhapur,Bajra,560.5,22.6,6.1,52.3,2023-09-15,2024-01-27,5.15,Sandy
Aurangabad,Bajra,1003.0,30.9,5.6,33.7,2023-12-02,2024-04-11,2.41,Loamy
Latur,Jowar,900.3,29.9,7.0,30.3,2023-07-06,2023-11-03,4.36,Loamy
Nashik,Wheat,837.0,34.5,6.7,45.2,2023-01-20,2023-06-25,2.08,Loamy
Aurangabad,Rice,972.9,31.8,7.4,32.7,2023-03-13,2023-06-24,3.42,Clay
Ratnagiri,Maize,1003.2,22.4,6.9,61.6,2023-01-27,2023-07-03,3.67,Sandy
Nashik,Toor,1060.3,21.4,5.5,43.5,2023-07-21,2023-11-26,2.81,Clay
Pune,Maize,841.6,27.4,6.4,67.4,2023-02-15,2023-07-22,4.29,Loamy
Amravati,Bajra,1019.0,24.3,6.8,58.6,2023-03-06,2023-07-01,5.27,Loamy
Aurangabad,Jowar,708.1,33.2,5.9,56.9,2023-08-09,2023-11-07,2.97,Sandy
Solapur,Moong,410.4,34.0,5.8,62.0,2023-08-16,2024-01-21,5.48,Loamy
Ratnagiri,Rice,880.6,20.4,5.9,41.5,2023-01-06,2023-04-07,2.33,Clay
Pune,Bajra,697.3,32.2,5.9,51.9,2023-08-16,2023-12-17,3.48,Loamy
Latur,Toor,1022.7,31.4,5.5,47.0,2023-09-12,2024-01-14,3.77,Clay
Amravati,Moong,557.7,20.4,6.4,39.1,2023-05-17,2023-09-15,4.46,Loamy
Satara,Moong,580.8,25.2,7.3,52.0,2023-06-23,2023-11-04,2.68,Loamy
Satara,Rice,1182.2,20.2,7.1,52.6,2023-01-16,2023-05-03,2.73,Laterite
Ratnagiri,Maize,964.2,25.2,5.8,39.8,2023-05-15,2023-10-12,4.23,Loamy
Nashik,Moong,722.9,26.1,5.5,42.9,2023-10-24,2024-02-21,4.14,Sandy
Pune,Jowar,807.0,31.2,5.6,31.2,2023-07-27,2023-10-30,2.68,Sandy
Nashik,Wheat,965.8,26.4,6.5,64.8,2023-01-10,2023-06-03,4.49,Loamy
Ratnagiri,Moong,534.4,26.5,6.6,51.4,2023-01-18,2023-06-24,5.45,Loamy
Satara,Rice,1010.3,21.8,7.1,39.4,2023-07-06,2023-10-21,3.09,Laterite
Pune,Bajra,439.6,29.6,6.8,46.1,2023-09-21,2024-01-31,2.35,Sandy
Satara,Rice,1009.6,21.7,5.6,47.3,2023-04-07,2023-08-25,3.6,Clay
Pune,Jowar,515.0,21.7,6.6,64.9,2023-05-21,2023-09-14,4.92,Loamy
Latur,Jowar,533.7,28.0,5.8,36.3,2023-11-19,2024-04-13,3.31,Loamy
Nagpur,Moong,434.6,34.1,7.1,65.0,2023-09-06,2024-01-26,4.95,Loamy
Nagpur,Maize,1056.6,23.8,5.7,43.1,2023-02-21,2023-06-21,2.96,Loamy
Solapur,Bajra,771.8,24.9,5.6,64.7,2023-10-01,2024-01-06,5.25,Sandy
Pune,Moong,1057.8,28.9,7.2,69.8,2023-12-15,2024-04-21,5.03,Loamy
Aurangabad,Toor,902.3,29.3,7.4,66.7,2023-12-27,2024-06-01,2.04,Clay
Pune,Toor,773.4,32.8,6.7,48.0,2023-09-07,2024-02-11,5.03,Loamy
Nagpur,Wheat,580.0,33.7,6.4,34.3,2023-01-08,2023-05-03,5.28,Clay
Pune,Maize,707.6,34.3,6.8,47.9,2023-06-09,2023-09-18,3.36,Loamy
Latur,Toor,706.3,22.2,7.4,59.5,2023-07-06,2023-10-06,2.56,Loamy
Ratnagiri,Toor,919.5,20.1,6.9,50.0,2023-09-28,2024-01-29,2.72,Loamy
Pune,Jowar,1068.7,22.0,6.0,57.9,2023-07-07,2023-11-26,3.12,Loamy
Satara,Bajra,474.0,21.6,7.4,61.0,2023-08-16,2023-12-17,3.87,Loamy
Amravati,Bajra,987.6,34.6,7.4,46.5,2023-06-02,2023-08-31,2.28,Loamy
Kolhapur,Bajra,696.4,31.3,6.2,67.2,2023-06-06,2023-10-31,3.86,Loamy
Latur,Bajra,1063.1,24.3,6.0,44.5,2023-02-16,2023-06-18,3.46,Sandy
Nashik,Jowar,568.6,25.1,6.2,38.9,2023-02-24,2023-06-15,3.35,Loamy
Kolhapur,Maize,1040.7,24.8,5.8,69.5,2023-10-23,2024-03-24,4.51,Sandy
Nashik,Maize,984.2,21.3,6.2,54.0,2023-04-11,2023-07-22,4.44,Loamy
Satara,Wheat,905.8,25.7,6.0,51.0,2023-10-22,2024-02-02,2.96,Loamy
Pune,Rice,635.1,21.3,6.8,56.2,2023-06-18,2023-10-30,4.8,Laterite
Kolhapur,Toor,757.0,29.8,6.9,55.3,2023-10-21,2024-02-01,2.29,Clay
Kolhapur,Moong,971.9,21.3,7.0,64.2,2023-01-01,2023-04-19,3.47,Sandy
Pune,Toor,653.5,25.1,6.5,47.2,2023-10-27,2024-02-04,4.89,Clay
Solapur,Wheat,659.4,24.6,5.9,39.7,2023-10-01,2024-01-13,3.83,Clay
Satara,Jowar,567.8,20.2,7.2,42.6,2023-08-19,2023-12-15,2.58,Sandy
Latur,Wheat,726.8,25.5,6.3,44.5,2023-06-04,2023-10-13,4.88,Clay
Solapur,Moong,960.3,24.8,6.0,32.8,2023-04-27,2023-07-30,4.47,Sandy
Ratnagiri,Jowar,654.0,24.6,6.9,42.7,2023-10-07,2024-02-10,3.83,Loamy
Amravati,Moong,933.1,33.8,5.8,60.7,2023-02-22,2023-06-29,5.11,Sandy
Latur,Wheat,879.8,22.1,7.4,35.5,2023-10-14,2024-01-30,4.7,Loamy
Satara,Bajra,975.2,30.7,6.6,63.9,2023-09-02,2023-12-13,2.2,Sandy
Ratnagiri,Rice,1194.8,22.7,6.6,52.4,2023-04-10,2023-07-24,2.6,Clay
Ratnagiri,Wheat,601.3,34.3,6.9,41.1,2023-04-22,2023-09-20,4.72,Clay
Nashik,Wheat,1028.2,28.0,6.6,64.0,2023-01-09,2023-06-02,5.3,Loamy
Kolhapur,Toor,781.1,32.9,5.8,62.3,2023-05-08,2023-10-08,4.11,Loamy
Solapur,Moong,648.6,29.3,6.2,36.4,2023-01-18,2023-05-17,4.1,Loamy
Amravati,Moong,525.4,32.4,7.4,55.7,2023-04-23,2023-09-12,3.68,Loamy
Pune,Maize,568.4,29.8,6.3,68.2,2023-01-28,2023-06-05,2.29,Loamy
Nagpur,Rice,962.1,29.3,6.0,53.2,2023-12-06,2024-05-11,2.54,Laterite
Nagpur,Jowar,754.5,28.2,6.5,47.4,2023-02-11,2023-06-07,5.03,Loamy
Amravati,Wheat,531.9,28.3,6.9,50.1,2023-03-26,2023-08-26,4.0,Clay
Kolhapur,Maize,886.6,25.7,7.1,62.3,2023-01-20,2023-05-07,5.32,Loamy
Solapur,Toor,535.1,28.1,7.5,52.5,2023-04-11,2023-08-25,2.35,Loamy
Solapur,Toor,918.0,20.3,7.0,47.7,2023-01-27,2023-06-10,2.13,Clay
Kolhapur,Moong,675.9,26.6,6.7,53.5,2023-01-08,2023-05-20,5.38,Loamy
Aurangabad,Maize,819.3,28.6,7.2,63.0,2023-03-21,2023-07-17,3.37,Sandy
Amravati,Wheat,935.8,24.0,6.3,61.8,2023-09-13,2024-01-12,2.92,Clay
Nashik,Rice,1332.4,23.6,7.5,55.6,2023-01-01,2023-04-17,3.02,Laterite
Solapur,Toor,970.3,20.9,5.7,50.8,2023-08-07,2023-12-19,3.28,Clay
Satara,Rice,945.8,32.4,6.8,68.9,2023-05-28,2023-10-18,2.24,Clay
Kolhapur,Bajra,827.4,30.2,5.5,69.7,2023-08-17,2023-11-19,3.3,Loamy
Satara,Toor,1074.1,25.8,6.7,59.3,2023-05-28,2023-10-09,4.51,Clay
Nashik,Wheat,818.2,25.5,5.6,45.4,2023-02-04,2023-05-21,5.22,Loamy
Pune,Toor,540.5,34.3,6.1,42.0,2023-04-21,2023-09-11,4.69,Loamy
Nagpur,Toor,650.9,31.6,7.3,33.3,2023-11-09,2024-02-08,2.81,Clay
Latur,Bajra,715.2,25.5,5.8,58.1,2023-04-19,2023-07-20,2.17,Sandy
Pune,Rice,1371.2,27.9,5.9,32.0,2023-04-26,2023-08-26,4.76,Laterite
Nagpur,Bajra,1061.4,31.3,5.6,55.2,2023-12-05,2024-03-30,2.52,Loamy
Latur,Wheat,817.2,30.6,6.1,69.5,2023-11-27,2024-02-28,2.53,Clay
Aurangabad,Rice,795.7,29.8,6.5,32.0,2023-11-03,2024-04-03,4.18,Clay
Nashik,Maize,669.7,31.9,6.9,40.9,2023-11-17,2024-02-18,3.86,Loamy
Ratnagiri,Maize,709.0,32.7,5.9,64.3,2023-10-06,2024-02-09,2.32,Sandy
Latur,Toor,952.6,24.5,7.1,50.1,2023-04-24,2023-09-29,3.83,Loamy
Ratnagiri,Jowar,589.3,24.3,6.7,61.0,2023-04-28,2023-08-16,4.33,Sandy
Aurangabad,Moong,892.5,27.4,6.0,37.4,2023-11-04,2024-03-24,2.72,Loamy
Ratnagiri,Wheat,942.3,20.4,7.0,57.7,2023-04-02,2023-08-05,3.84,Loamy
Pune,Rice,660.9,30.3,5.8,69.6,2023-10-15,2024-03-05,2.83,Laterite
Kolhapur,Toor,529.6,28.8,6.1,69.1,2023-06-16,2023-11-19,4.57,Clay
Nagpur,Bajra,714.7,20.0,6.2,56.5,2023-09-12,2024-01-04,3.34,Loamy
Nashik,Toor,805.7,31.6,7.3,65.8,2023-02-16,2023-06-15,5.19,Clay
Nashik,Maize,1090.4,20.5,6.5,33.6,2023-01-10,2023-05-15,3.14,Sandy
Ratnagiri,Toor,989.0,20.1,5.7,62.8,2023-03-25,2023-07-23,2.11,Clay
Amravati,Rice,858.3,28.6,6.6,49.6,2023-08-15,2023-12-09,3.66,Laterite
Solapur,Rice,1171.7,20.3,6.4,56.0,2023-08-16,2023-12-05,4.62,Clay
Nashik,Moong,1069.1,27.5,7.2,60.3,2023-03-11,2023-07-23,3.38,Loamy
Amravati,Maize,970.5,25.4,6.7,56.7,2023-05-27,2023-10-17,2.04,Sandy
Nashik,Rice,733.5,20.7,6.6,34.9,2023-12-09,2024-04-03,4.63,Laterite
Satara,Wheat,680.7,23.9,7.5,66.8,2023-05-07,2023-09-28,2.18,Loamy
Nagpur,Rice,1131.9,29.5,5.8,41.1,2023-10-01,2024-01-12,3.17,Laterite
Pune,Maize,851.7,25.6,6.7,59.8,2023-12-17,2024-04-01,3.34,Sandy
Ratnagiri,Moong,530.3,22.6,6.9,50.8,2023-07-24,2023-11-19,3.05,Sandy
Pune,Moong,998.9,25.1,6.3,46.5,2023-08-04,2023-11-10,4.57,Loamy
Solapur,Toor,934.0,25.1,6.6,32.4,2023-01-21,2023-05-08,2.38,Clay
Satara,Jowar,849.0,31.8,6.6,32.7,2023-12-27,2024-05-18,4.24,Loamy
Nagpur,Jowar,1083.6,24.9,7.3,45.8,2023-03-16,2023-07-07,3.81,Loamy
Kolhapur,Rice,1269.1,23.1,6.4,63.5,2023-12-18,2024-05-20,4.48,Clay
Aurangabad,Jowar,1044.3,25.8,6.8,42.1,2023-07-07,2023-12-05,2.17,Sandy
Amravati,Wheat,890.6,22.3,6.3,61.4,2023-07-12,2023-12-09,5.38,Loamy
Latur,Toor,437.0,21.5,6.6,42.4,2023-12-05,2024-03-11,2.49,Clay
Nashik,Wheat,608.4,34.3,6.7,42.9,2023-07-10,2023-10-29,3.37,Loamy
Latur,Moong,805.5,20.8,6.8,64.7,2023-12-06,2024-03-08,3.94,Sandy
Satara,Moong,812.6,32.6,7.1,55.9,2023-09-02,2023-12-05,3.33,Sandy
Solapur,Toor,776.8,27.7,7.3,36.2,2023-12-15,2024-04-28,5.18,Clay
Satara,Wheat,415.5,34.1,7.0,68.5,2023-07-16,2023-10-31,5.15,Clay
Satara,Wheat,607.9,26.6,7.5,58.6,2023-08-18,2024-01-16,2.24,Clay
Latur,Rice,935.8,30.9,7.4,50.1,2023-09-22,2024-02-08,3.12,Laterite
Solapur,Wheat,999.9,34.9,7.3,63.0,2023-04-05,2023-07-11,5.38,Loamy
Ratnagiri,Maize,720.7,29.0,6.0,59.4,2023-02-23,2023-07-21,4.17,Sandy
Kolhapur,Rice,1278.1,34.3,6.8,69.5,2023-04-21,2023-08-13,4.42,Clay
Nashik,Jowar,993.0,21.0,6.7,42.0,2023-12-05,2024-04-16,3.42,Sandy
Amravati,Bajra,915.7,22.6,6.1,42.3,2023-01-27,2023-07-01,2.42,Sandy
Amravati,Wheat,859.8,32.0,7.5,64.4,2023-03-08,2023-07-09,3.68,Clay
Ratnagiri,Maize,580.2,24.3,7.1,66.4,2023-09-22,2023-12-27,2.49,Loamy
Solapur,Jowar,514.7,32.0,6.8,67.7,2023-12-09,2024-04-06,2.37,Loamy
Aurangabad,Rice,1075.8,35.0,5.9,41.1,2023-08-05,2023-11-09,2.86,Laterite
Amravati,Jowar,993.0,33.7,7.1,38.2,2023-05-01,2023-09-21,4.26,Loamy
Amravati,Rice,894.8,32.2,6.9,53.3,2023-01-15,2023-05-03,4.75,Clay
Amravati,Jowar,653.0,22.1,6.2,31.9,2023-08-13,2024-01-03,5.05,Loamy
Nagpur,Bajra,1040.4,26.1,6.9,65.8,2023-07-27,2023-12-01,4.59,Sandy
Solapur,Bajra,1070.7,34.7,7.0,65.3,2023-10-22,2024-02-29,3.72,Sandy
Nagpur,Toor,1032.6,31.4,7.1,55.0,2023-11-07,2024-03-26,2.57,Clay
Pune,Wheat,473.1,34.4,7.3,69.8,2023-01-21,2023-04-23,3.71,Loamy
Nashik,Jowar,467.2,30.3,7.2,36.5,2023-01-09,2023-05-02,2.25,Loamy
Satara,Wheat,569.8,29.0,7.3,62.9,2023-01-25,2023-04-30,3.91,Loamy
Latur,Toor,905.3,31.6,6.1,42.1,2023-11-06,2024-03-14,3.11,Loamy
Nagpur,Wheat,615.7,29.5,6.2,55.4,2023-05-20,2023-10-24,2.04,Clay
Nagpur,Toor,472.7,27.3,6.0,48.4,2023-07-21,2023-11-16,3.23,Loamy
Pune,Jowar,429.3,34.7,5.7,45.9,2023-01-04,2023-04-28,3.76,Sandy
Kolhapur,Toor,729.2,25.0,6.8,54.8,2023-05-13,2023-08-29,4.03,Clay
Nashik,Bajra,745.3,33.2,6.1,41.7,2023-12-20,2024-04-30,5.05,Sandy
Aurangabad,Maize,1077.1,30.6,5.7,35.5,2023-03-10,2023-07-20,5.11,Sandy
Satara,Toor,501.7,20.5,7.2,45.1,2023-06-21,2023-10-30,5.28,Loamy
Satara,Wheat,557.2,26.3,6.2,69.0,2023-07-25,2023-11-07,4.57,Loamy
Kolhapur,Moong,577.1,25.5,7.3,57.3,2023-04-12,2023-08-26,2.38,Loamy
Nagpur,Moong,696.6,28.1,6.0,49.6,2023-02-16,2023-07-15,4.76,Sandy
Nashik,Maize,929.3,20.9,6.9,58.8,2023-01-10,2023-05-05,4.56,Sandy
Ratnagiri,Wheat,613.2,31.1,5.9,56.7,2023-06-14,2023-11-06,4.49,Clay
Nagpur,Toor,663.6,20.6,6.6,67.7,2023-12-23,2024-04-09,3.49,Clay
Nashik,Toor,831.8,27.0,5.9,54.1,2023-09-11,2024-01-01,2.01,Loamy
Ratnagiri,Maize,902.3,30.4,6.2,54.8,2023-01-14,2023-06-23,4.65,Loamy
Nashik,Toor,887.4,28.0,5.8,36.8,2023-09-23,2024-02-08,3.81,Loamy
Kolhapur,Jowar,508.3,22.7,6.1,54.2,2023-01-16,2023-04-19,3.23,Loamy
Solapur,Toor,928.2,22.5,6.4,46.6,2023-12-26,2024-05-17,4.91,Clay
Solapur,Bajra,543.2,20.1,6.6,33.6,2023-10-05,2024-01-16,3.31,Loamy
Latur,Wheat,930.5,26.7,6.6,54.7,2023-07-04,2023-10-08,4.29,Clay
Kolhapur,Bajra,425.8,21.3,6.1,30.7,2023-05-16,2023-10-17,2.85,Sandy
Satara,Rice,686.1,25.7,6.6,43.6,2023-08-02,2023-11-18,4.77,Clay
Aurangabad,Moong,526.9,26.7,5.7,40.9,2023-04-11,2023-07-26,5.31,Loamy
Pune,Maize,1054.8,22.8,5.6,49.3,2023-02-08,2023-05-26,3.91,Loamy
Ratnagiri,Moong,646.2,25.9,6.1,50.1,2023-09-08,2024-01-17,2.19,Loamy
Amravati,Bajra,934.6,30.6,7.0,66.6,2023-08-28,2023-12-14,3.81,Sandy
Nashik,Rice,959.7,28.6,6.8,40.0,2023-08-13,2023-12-20,5.27,Laterite
Nagpur,Rice,1231.1,26.5,6.3,62.4,2023-05-20,2023-08-28,4.01,Clay
Pune,Maize,1080.3,34.3,7.0,64.5,2023-09-14,2024-01-27,4.81,Loamy
Ratnagiri,Toor,500.3,33.5,6.0,40.7,2023-07-08,2023-10-27,3.89,Loamy
Satara,Bajra,447.0,33.0,5.9,59.2,2023-01-28,2023-06-14,5.04,Sandy
Kolhapur,Maize,838.0,27.9,7.0,68.8,2023-03-27,2023-07-12,4.77,Loamy
Kolhapur,Rice,1365.1,24.3,5.7,56.9,2023-11-08,2024-02-24,2.13,Clay
Amravati,Wheat,772.8,34.5,7.5,41.1,2023-05-08,2023-08-29,3.36,Clay
Nashik,Bajra,810.8,27.4,6.4,37.1,2023-11-24,2024-04-21,3.41,Sandy
Ratnagiri,Jowar,650.6,29.6,5.9,48.7,2023-09-20,2024-02-13,3.64,Sandy
Pune,Toor,444.1,21.0,6.7,42.8,2023-11-15,2024-04-19,3.65,Loamy
Nashik,Maize,600.8,22.0,7.1,31.9,2023-04-11,2023-09-03,3.32,Sandy
Kolhapur,Jowar,921.7,32.5,5.6,30.7,2023-05-27,2023-10-04,4.11,Loamy
Satara,Rice,795.0,29.3,6.5,38.4,2023-04-18,2023-08-17,4.65,Clay
Kolhapur,Toor,663.2,28.5,6.5,50.8,2023-06-26,2023-11-30,2.27,Clay
Aurangabad,Toor,858.5,24.8,7.1,54.6,2023-05-18,2023-09-01,4.66,Clay
Amravati,Rice,1066.6,34.5,5.7,60.5,2023-04-05,2023-08-06,3.37,Laterite
Latur,Moong,484.1,30.4,6.0,58.7,2023-09-28,2024-02-04,4.58,Sandy
Satara,Wheat,500.7,23.0,7.2,58.8,2023-09-09,2024-01-18,3.77,Loamy
Nashik,Maize,859.0,20.1,6.0,39.8,2023-04-24,2023-07-26,2.4,Loamy
Solapur,Maize,937.5,24.8,7.4,65.7,2023-11-02,2024-02-27,4.9,Loamy
Nagpur,Wheat,499.8,32.7,6.8,62.8,2023-02-17,2023-07-18,4.51,Clay
Solapur,Maize,865.0,29.1,6.5,62.7,2023-03-13,2023-07-10,3.4,Sandy
Pune,Rice,678.1,24.4,6.6,45.8,2023-01-07,2023-05-01,2.42,Clay
Satara,Toor,659.2,33.3,5.7,50.8,2023-12-15,2024-05-03,2.66,Loamy
Latur,Bajra,931.3,31.5,6.3,46.9,2023-09-16,2023-12-28,2.78,Sandy
Kolhapur,Bajra,974.8,20.4,5.5,43.0,2023-07-21,2023-10-31,2.85,Loamy
Nashik,Wheat,687.2,22.6,7.3,32.3,2023-10-19,2024-03-24,3.44,Clay
Latur,Jowar,961.4,23.2,6.2,51.7,2023-04-13,2023-07-12,2.86,Sandy
Amravati,Rice,1079.9,31.4,7.5,64.8,2023-02-05,2023-06-12,4.52,Laterite
Pune,Rice,1152.9,28.7,6.8,44.7,2023-02-20,2023-07-23,2.94,Laterite
Kolhapur,Jowar,540.2,29.0,5.8,51.2,2023-03-17,2023-08-24,2.5,Sandy
Aurangabad,Moong,792.6,31.7,6.4,52.3,2023-03-27,2023-07-09,5.27,Loamy
Ratnagiri,Maize,1041.9,34.3,7.0,44.9,2023-10-22,2024-03-18,2.51,Sandy
Pune,Wheat,503.5,21.5,6.5,47.1,2023-09-01,2024-01-02,3.78,Loamy
Satara,Rice,1345.5,33.8,6.1,49.7,2023-01-05,2023-04-27,2.57,Laterite
Pune,Wheat,578.9,27.7,6.0,35.6,2023-02-14,2023-05-30,2.21,Clay
Satara,Toor,763.0,29.2,5.5,37.1,2023-12-28,2024-04-15,2.18,Loamy
Nashik,Jowar,1068.9,31.5,5.9,33.7,2023-09-07,2023-12-08,3.01,Sandy
Amravati,Toor,799.9,29.2,6.6,50.8,2023-01-20,2023-06-24,3.55,Loamy
Solapur,Rice,1359.3,22.6,6.3,61.3,2023-05-02,2023-09-29,4.93,Laterite
Nashik,Toor,979.3,29.4,7.2,37.4,2023-02-14,2023-06-08,4.98,Loamy
Latur,Bajra,978.6,33.1,6.8,30.0,2023-07-09,2023-11-25,5.23,Sandy
Nashik,Rice,1126.7,23.0,7.1,45.6,2023-05-27,2023-10-25,5.39,Laterite
Ratnagiri,Rice,684.4,24.3,5.7,37.1,2023-01-15,2023-06-06,4.83,Laterite
Satara,Maize,543.0,23.0,6.1,57.8,2023-07-26,2023-12-29,3.73,Loamy
Nagpur,Rice,842.3,28.4,6.9,49.1,2023-06-27,2023-11-08,5.16,Clay
Amravati,Maize,897.3,29.4,6.8,60.3,2023-03-23,2023-08-02,4.39,Sandy
Amravati,Wheat,796.2,29.0,6.9,69.8,2023-04-16,2023-07-24,2.33,Clay
Ratnagiri,Bajra,1068.8,24.8,6.4,66.8,2023-09-02,2024-02-04,4.25,Sandy
Solapur,Bajra,1010.0,29.3,6.7,47.8,2023-04-26,2023-09-30,3.37,Loamy
Solapur,Maize,1024.7,30.4,7.2,42.8,2023-08-11,2023-12-18,3.69,Sandy
Nashik,Moong,1020.6,22.0,6.8,59.7,2023-09-20,2024-01-04,3.31,Sandy
Pune,Rice,1001.4,32.7,6.7,57.3,2023-03-15,2023-06-27,5.01,Laterite
Satara,Moong,668.4,20.6,7.2,39.1,2023-03-19,2023-07-22,5.19,Sandy
Aurangabad,Wheat,400.2,28.0,6.3,45.8,2023-03-25,2023-08-06,5.38,Loamy
Ratnagiri,Bajra,1096.1,26.4,6.8,57.7,2023-02-06,2023-06-04,4.18,Loamy
Nagpur,Bajra,668.3,25.4,6.4,63.6,2023-10-23,2024-02-28,5.09,Loamy
Satara,Bajra,976.4,33.5,5.6,37.8,2023-10-13,2024-03-01,3.96,Loamy
Kolhapur,Rice,831.1,30.1,5.9,63.0,2023-02-04,2023-05-14,2.9,Laterite
Pune,Jowar,682.3,29.5,6.6,53.2,2023-07-22,2023-11-15,2.81,Loamy
Nagpur,Moong,645.7,25.1,6.4,56.1,2023-10-24,2024-03-17,4.43,Sandy
Kolhapur,Wheat,638.6,30.3,6.9,35.6,2023-03-23,2023-07-08,4.81,Loamy
Satara,Toor,978.4,25.3,6.0,42.7,2023-08-22,2023-11-26,2.47,Clay
Amravati,Moong,448.2,33.7,6.0,48.9,2023-03-19,2023-07-05,4.53,Sandy
Ratnagiri,Moong,507.2,30.6,7.2,37.0,2023-07-20,2023-12-07,2.14,Sandy
Amravati,Bajra,450.0,28.4,7.0,61.3,2023-08-28,2024-01-08,5.08,Loamy
Amravati,Maize,1057.9,31.9,6.5,62.1,2023-05-06,2023-09-06,2.35,Loamy
Ratnagiri,Rice,1241.8,31.4,7.2,53.1,2023-03-26,2023-07-21,5.07,Laterite
Nagpur,Moong,572.8,32.1,7.0,39.8,2023-09-22,2024-01-19,4.24,Sandy
Amravati,Wheat,421.6,24.8,7.0,58.6,2023-08-06,2023-12-20,2.99,Loamy
Nashik,Bajra,789.5,20.7,7.2,46.5,2023-06-06,2023-10-16,3.69,Loamy
Satara,Rice,868.4,25.9,7.2,44.8,2023-02-20,2023-06-29,5.31,Clay
Amravati,Bajra,854.1,30.0,6.9,33.4,2023-07-11,2023-11-23,2.29,Loamy
Aurangabad,Maize,915.2,30.4,6.5,67.7,2023-07-18,2023-12-07,2.71,Loamy
Latur,Maize,658.0,34.9,5.7,35.6,2023-05-14,2023-08-18,4.54,Sandy
Aurangabad,Bajra,808.5,24.9,7.2,33.2,2023-03-19,2023-08-08,3.42,Sandy
Aurangabad,Moong,999.0,27.9,5.7,34.2,2023-02-27,2023-05-30,3.36,Sandy
Latur,Bajra,926.1,33.7,6.8,43.9,2023-02-12,2023-05-27,2.77,Sandy
Aurangabad,Moong,461.6,20.5,6.7,50.5,2023-03-04,2023-07-25,3.09,Loamy
Ratnagiri,Wheat,637.9,31.7,7.4,50.0,2023-05-16,2023-08-27,2.27,Clay
Nashik,Wheat,772.7,33.4,6.1,46.7,2023-08-12,2023-12-08,3.42,Loamy
Kolhapur,Moong,859.2,27.3,5.9,42.5,2023-05-17,2023-09-25,3.14,Sandy
Latur,Maize,654.2,30.8,5.8,40.4,2023-03-22,2023-08-18,2.25,Sandy
Amravati,Bajra,652.4,25.3,6.1,36.3,2023-10-05,2024-02-02,2.37,Sandy
Kolhapur,Wheat,686.1,20.1,7.1,44.8,2023-02-28,2023-06-12,2.4,Clay
Solapur,Jowar,964.7,21.7,6.9,67.5,2023-11-05,2024-02-07,4.13,Sandy
Kolhapur,Toor,530.1,21.7,5.8,33.9,2023-07-24,2023-11-30,5.18,Loamy
Amravati,Bajra,942.0,24.9,7.1,52.9,2023-07-22,2023-11-26,2.65,Loamy
Pune,Jowar,402.3,27.8,6.2,35.3,2023-04-07,2023-08-22,4.88,Loamy
Pune,Toor,846.9,29.3,6.2,67.4,2023-02-01,2023-05-30,4.24,Loamy
Pune,Rice,714.3,34.2,5.6,63.9,2023-07-27,2023-11-30,5.26,Clay
Amravati,Jowar,613.1,21.5,6.8,41.8,2023-10-19,2024-02-15,3.82,Loamy
Nashik,Bajra,586.1,27.1,6.3,52.0,2023-05-05,2023-08-25,4.95,Sandy
Amravati,Rice,1216.5,25.3,6.8,49.6,2023-10-21,2024-03-02,2.85,Clay
Solapur,Moong,632.8,33.4,6.5,59.4,2023-01-03,2023-06-02,5.49,Loamy
Nashik,Rice,1233.2,34.8,6.3,30.3,2023-10-06,2024-01-08,2.38,Clay
Kolhapur,Jowar,848.3,28.3,7.3,41.7,2023-08-08,2023-11-22,2.26,Sandy
Amravati,Rice,910.5,27.2,7.5,51.2,2023-04-23,2023-09-04,5.38,Laterite
Pune,Moong,840.2,34.1,7.2,30.7,2023-12-23,2024-05-03,5.24,Sandy
Aurangabad,Toor,1073.8,24.6,7.4,32.9,2023-03-04,2023-08-01,3.31,Clay
Latur,Jowar,497.3,32.5,7.5,40.9,2023-01-11,2023-05-24,2.61,Loamy
Kolhapur,Jowar,419.8,34.9,6.4,56.6,2023-09-16,2024-01-31,4.82,Loamy
Nagpur,Toor,858.8,32.1,7.3,34.5,2023-05-11,2023-08-27,4.08,Loamy
Latur,Toor,680.1,30.9,7.3,54.8,2023-04-14,2023-07-28,3.93,Clay
Satara,Wheat,800.9,32.1,7.4,43.7,2023-09-03,2023-12-10,4.97,Clay
Aurangabad,Maize,1081.8,22.5,6.0,47.6,2023-02-08,2023-06-09,5.04,Loamy
Solapur,Bajra,799.8,30.8,7.3,64.8,2023-10-11,2024-02-09,2.13,Loamy
Amravati,Maize,610.7,33.9,6.6,67.9,2023-09-12,2024-01-24,3.56,Loamy
Pune,Toor,834.1,23.5,6.1,67.8,2023-04-20,2023-08-29,3.99,Clay
Amravati,Jowar,609.4,22.2,6.1,48.7,2023-03-06,2023-07-09,4.45,Loamy
Latur,Wheat,526.3,30.6,7.1,54.9,2023-11-04,2024-03-15,2.52,Clay
Satara,Rice,722.9,26.1,6.2,67.1,2023-04-17,2023-07-29,2.23,Clay
Amravati,Moong,948.3,26.3,6.6,39.7,2023-02-07,2023-06-29,4.91,Sandy
Amravati,Moong,832.9,20.8,7.3,57.1,2023-01-01,2023-05-29,4.92,Sandy
Ratnagiri,Rice,1127.9,28.9,7.2,46.5,2023-10-10,2024-03-04,4.52,Clay
Latur,Moong,583.3,22.9,5.6,59.1,2023-07-27,2023-11-13,5.02,Sandy
Solapur,Moong,778.9,26.6,5.9,53.5,2023-02-06,2023-05-27,3.19,Loamy
Nagpur,Toor,1034.0,34.1,7.1,40.0,2023-02-04,2023-06-15,3.12,Clay
Aurangabad,Moong,1075.4,27.7,5.6,52.9,2023-07-27,2023-10-26,5.02,Sandy
Amravati,Bajra,730.3,27.0,5.5,53.6,2023-06-25,2023-11-15,2.68,Loamy
Solapur,Wheat,823.3,31.9,6.6,54.5,2023-03-10,2023-08-06,2.29,Clay
Kolhapur,Rice,1327.5,22.8,7.0,68.7,2023-08-13,2023-11-30,3.67,Clay
Nagpur,Toor,495.6,22.5,6.5,69.5,2023-07-28,2023-12-20,5.18,Loamy
Latur,Rice,947.1,30.0,6.5,54.8,2023-04-13,2023-09-08,3.57,Laterite
Solapur,Bajra,1076.2,23.2,5.6,62.3,2023-04-24,2023-09-20,3.87,Loamy
Latur,Wheat,640.7,31.8,7.1,54.0,2023-07-05,2023-11-09,2.83,Loamy
Kolhapur,Rice,933.3,25.1,6.6,58.0,2023-04-20,2023-08-14,3.74,Clay
Aurangabad,Bajra,465.5,26.2,6.8,39.4,2023-07-18,2023-11-24,2.43,Loamy
Nagpur,Moong,734.9,29.8,7.0,41.0,2023-06-07,2023-09-10,3.86,Sandy
Pune,Jowar,1051.5,21.5,7.0,50.5,2023-01-28,2023-05-19,3.01,Loamy
Kolhapur,Rice,1227.7,27.4,6.2,32.7,2023-02-27,2023-07-30,4.49,Clay
Ratnagiri,Maize,893.0,24.0,5.8,55.5,2023-04-18,2023-09-20,2.05,Loamy
Latur,Maize,402.9,22.6,7.4,41.2,2023-07-18,2023-11-02,5.26,Sandy
Solapur,Toor,732.7,21.5,7.3,61.0,2023-09-02,2024-01-15,3.42,Loamy
Aurangabad,Moong,781.9,34.2,6.2,66.5,2023-02-14,2023-06-30,2.14,Loamy
Satara,Maize,826.0,22.4,7.5,65.7,2023-02-19,2023-07-06,3.02,Loamy
Solapur,Toor,880.1,24.4,5.8,61.3,2023-04-05,2023-07-13,2.63,Clay
Satara,Wheat,498.0,23.1,7.4,61.9,2023-06-26,2023-11-16,2.26,Loamy
Ratnagiri,Toor,849.9,29.4,5.7,60.3,2023-02-05,2023-05-12,2.48,Clay
Pune,Wheat,610.0,29.6,7.4,41.6,2023-12-11,2024-04-09,5.26,Clay
Latur,Toor,871.9,34.7,5.7,67.8,2023-08-28,2023-12-17,5.45,Loamy
Amravati,Rice,1114.3,20.5,6.8,57.3,2023-03-27,2023-08-25,3.0,Clay
Amravati,Toor,520.3,24.1,5.6,53.6,2023-10-16,2024-01-14,4.96,Clay
Amravati,Maize,714.3,22.2,6.2,57.9,2023-11-25,2024-03-21,5.28,Sandy
Kolhapur,Bajra,526.1,32.1,7.4,38.3,2023-09-27,2024-01-17,3.64,Sandy
Amravati,Rice,1309.4,23.0,5.9,60.0,2023-10-10,2024-01-24,4.86,Laterite
Solapur,Jowar,756.3,29.0,7.4,47.2,2023-09-03,2024-02-08,3.63,Sandy
Nagpur,Moong,991.5,33.3,6.2,62.1,2023-06-28,2023-10-07,2.28,Loamy
Nashik,Jowar,839.6,27.1,6.6,68.3,2023-01-27,2023-05-09,3.85,Sandy
Solapur,Toor,694.1,30.3,6.0,48.2,2023-05-01,2023-08-26,5.15,Loamy
Ratnagiri,Rice,1035.5,29.0,7.4,63.9,2023-04-23,2023-08-25,3.01,Clay
Ratnagiri,Wheat,744.7,32.4,7.0,32.4,2023-10-23,2024-02-15,4.78,Loamy
Satara,Maize,819.7,33.2,6.0,48.9,2023-06-08,2023-10-24,4.64,Sandy
Ratnagiri,Maize,508.7,29.8,6.8,49.3,2023-11-19,2024-03-04,3.28,Sandy
Ratnagiri,Bajra,764.2,26.2,6.9,60.9,2023-05-01,2023-09-01,5.25,Sandy
